SLURM_JOB_ID=5927801
SLURM_NNODES=4
SLURM_NODEID=0
HOSTNAME=c0105
MASTER_ADDR=c0105
CUDA_VISIBLE_DEVICES=0,1
GPU 0: NVIDIA L40S (UUID: GPU-5faca707-e28a-dd98-7fb2-a6297327dc42)
GPU 1: NVIDIA L40S (UUID: GPU-0efd3110-a31c-c230-ca97-21a45fd5f014)
export SLURM_SCRATCH=/localscratch/gbk2114/5927801
/etc/slurm/prolog.d/gpustats_helper.sh: line 5: /run/gpustat/0: Permission denied
/etc/slurm/prolog.d/gpustats_helper.sh: line 8: /run/gpustat/GPU-5faca707-e28a-dd98-7fb2-a6297327dc42: Permission denied
/etc/slurm/prolog.d/gpustats_helper.sh: line 5: /run/gpustat/1: Permission denied
/etc/slurm/prolog.d/gpustats_helper.sh: line 8: /run/gpustat/GPU-0efd3110-a31c-c230-ca97-21a45fd5f014: Permission denied
/etc/slurm/prolog.d/gpustats_helper.sh: line 5: /run/gpustat/0: Permission denied
/etc/slurm/prolog.d/gpustats_helper.sh: line 8: /run/gpustat/GPU-5faca707-e28a-dd98-7fb2-a6297327dc42: Permission denied
/etc/slurm/prolog.d/gpustats_helper.sh: line 5: /run/gpustat/1: Permission denied
/etc/slurm/prolog.d/gpustats_helper.sh: line 8: /run/gpustat/GPU-0efd3110-a31c-c230-ca97-21a45fd5f014: Permission denied
2026-03-13 21:33:20.397 | INFO     | ethos.train.run_training:main:77 - Tokens per iteration per worker: 131,072
2026-03-13 21:33:22.979 | INFO     | ethos.train.run_training:main:114 - Train dataset size: 597,559,588, Val dataset size: 18,924,722 (eval_iters=200)
2026-03-13 21:33:23.291 | INFO     | ethos.train.run_training:main:173 - Model parameters: 45.97M
2026-03-13 21:33:24.317 | INFO     | ethos.train.run_training:main:173 - Model parameters: 45.97M
2026-03-13 21:33:24.520 | INFO     | ethos.train.run_training:main:172 - Initializing a new model from scratch: GPT2Config {
  "activation_function": "gelu",
  "attn_pdrop": 0.3,
  "bias": false,
  "bos_token_id": 50256,
  "embd_pdrop": 0.3,
  "eos_token_id": 50256,
  "initializer_range": 0.02,
  "layer_norm_epsilon": 1e-05,
  "model_type": "gpt2",
  "n_embd": 768,
  "n_head": 12,
  "n_inner": null,
  "n_layer": 6,
  "n_positions": 2048,
  "reorder_and_upcast_attn": false,
  "resid_pdrop": 0.3,
  "scale_attn_by_inverse_layer_idx": false,
  "scale_attn_weights": true,
  "summary_activation": null,
  "summary_first_dropout": 0.1,
  "summary_proj_to_labels": true,
  "summary_type": "cls_index",
  "summary_use_proj": true,
  "transformers_version": "4.52.4",
  "use_cache": true,
  "vocab_size": 4544
}

2026-03-13 21:33:24.521 | INFO     | ethos.train.run_training:main:173 - Model parameters: 45.97M
2026-03-13 21:33:24.527 | INFO     | ethos.train.run_training:main:173 - Model parameters: 45.97M
2026-03-13 21:33:24.614 | INFO     | ethos.train.run_training:main:173 - Model parameters: 45.97M
2026-03-13 21:33:24.635 | INFO     | ethos.train.run_training:main:187 - Number of parameters: 45.97M
2026-03-13 21:33:24.635 | INFO     | ethos.train.run_training:main:188 - Compiling the model...
2026-03-13 21:33:24.618 | INFO     | ethos.train.run_training:main:173 - Model parameters: 45.97M
2026-03-13 21:33:24.915 | INFO     | ethos.train.run_training:main:173 - Model parameters: 45.97M
2026-03-13 21:33:24.931 | INFO     | ethos.train.run_training:main:173 - Model parameters: 45.97M
c0107:3817143:3817143 [1] NCCL INFO cudaDriverVersion 13000
c0107:3817143:3817143 [1] NCCL INFO NCCL_SOCKET_IFNAME set by environment to ^lo,docker
c0107:3817143:3817143 [1] NCCL INFO Bootstrap: Using boot0:10.116.2.17<0>
c0107:3817143:3817143 [1] NCCL INFO NCCL version 2.26.2+cuda12.2
c0107:3817143:3817143 [1] NCCL INFO Comm config Blocking set to 1
c0107:3817143:3817191 [1] NCCL INFO NET/Plugin: Could not find: libnccl-net.so. Using internal net plugin.
c0107:3817143:3817191 [1] NCCL INFO NCCL_IB_DISABLE set by environment to 0.
c0107:3817143:3817191 [1] NCCL INFO NCCL_SOCKET_IFNAME set by environment to ^lo,docker
c0107:3817143:3817191 [1] NCCL INFO NET/IB : Using [0]mlx5_0:1/IB [RO]; OOB boot0:10.116.2.17<0>
c0107:3817143:3817191 [1] NCCL INFO PROFILER/Plugin: Could not find: libnccl-profiler.so. 
c0107:3817143:3817191 [1] NCCL INFO Using network IB
c0107:3817143:3817191 [1] NCCL INFO DMA-BUF is available on GPU device 1
c0107:3817143:3817191 [1] NCCL INFO ncclCommInitRankConfig comm 0x102e3110 rank 5 nranks 8 cudaDev 1 nvmlDev 1 busId e1000 commId 0xd59f190f461c00bf - Init START
c0107:3817143:3817191 [1] NCCL INFO RAS client listening socket at ::1<28028>
c0107:3817143:3817191 [1] NCCL INFO Bootstrap timings total 0.363859 (create 0.000032, send 0.000176, recv 0.361969, ring 0.000586, delay 0.000000)
c0107:3817143:3817191 [1] NCCL INFO comm 0x102e3110 rank 5 nRanks 8 nNodes 4 localRanks 2 localRank 1 MNNVL 0
c0107:3817143:3817191 [1] NCCL INFO Trees [0] 2/-1/-1->5->4 [1] -1/-1/-1->5->4
c0107:3817143:3817191 [1] NCCL INFO P2P Chunksize set to 131072
c0107:3817143:3817196 [1] NCCL INFO [Proxy Service] Device 1 CPU core 0
c0107:3817143:3817198 [1] NCCL INFO [Proxy Service UDS] Device 1 CPU core 0
c0107:3817143:3817191 [1] NCCL INFO threadThresholds 8/8/64 | 64/8/64 | 512 | 512
c0107:3817143:3817191 [1] NCCL INFO 2 coll channels, 2 collnet channels, 0 nvls channels, 2 p2p channels, 1 p2p channels per peer
c0107:3817143:3817191 [1] NCCL INFO TUNER/Plugin: Could not find: libnccl-tuner.so. Using internal tuner plugin.
c0107:3817143:3817191 [1] NCCL INFO ncclCommInitRankConfig comm 0x102e3110 rank 5 nranks 8 cudaDev 1 nvmlDev 1 busId e1000 commId 0xd59f190f461c00bf - Init COMPLETE
c0107:3817143:3817191 [1] NCCL INFO Init timings - ncclCommInitRankConfig: rank 5 nranks 8 total 0.54 (kernels 0.13, alloc 0.01, bootstrap 0.36, allgathers 0.00, topo 0.03, graphs 0.00, connections 0.00, rest 0.00)
c0107:3817143:3817201 [1] NCCL INFO Channel 00/0 : 5[1] -> 6[0] [send] via NET/IB/1
c0107:3817143:3817203 [1] NCCL INFO [Proxy Progress] Device 1 CPU core 97
c0107:3817143:3817201 [1] NCCL INFO Channel 01/0 : 5[1] -> 6[0] [send] via NET/IB/1
c0107:3817143:3817201 [1] NCCL INFO Connected all rings, use ring PXN 0 GDR 0
[rank5]:[E313 21:43:25.701358204 ProcessGroupNCCL.cpp:632] [Rank 5] Watchdog caught collective operation timeout: WorkNCCL(SeqNum=1, OpType=ALLGATHER, NumelIn=1, NumelOut=8, Timeout(ms)=600000) ran for 600021 milliseconds before timing out.
[rank5]:[E313 21:43:25.701766689 ProcessGroupNCCL.cpp:2271] [PG ID 0 PG GUID 0(default_pg) Rank 5]  failure detected by watchdog at work sequence id: 1 PG status: last enqueued work: 1, last completed work: -1
[rank5]:[E313 21:43:25.701781580 ProcessGroupNCCL.cpp:670] Stack trace of the failed collective not found, potentially because FlightRecorder is disabled. You can enable it by setting TORCH_NCCL_TRACE_BUFFER_SIZE to a non-zero value.
[rank5]:[E313 21:43:25.701817010 ProcessGroupNCCL.cpp:2106] [PG ID 0 PG GUID 0(default_pg) Rank 5] First PG on this rank to signal dumping.
c0105:4176073:4176073 [1] NCCL INFO cudaDriverVersion 13000
c0105:4176073:4176073 [1] NCCL INFO NCCL_SOCKET_IFNAME set by environment to ^lo,docker
c0105:4176073:4176073 [1] NCCL INFO Bootstrap: Using boot0:10.116.2.15<0>
c0105:4176073:4176073 [1] NCCL INFO NCCL version 2.26.2+cuda12.2
c0105:4176073:4176073 [1] NCCL INFO Comm config Blocking set to 1
c0105:4176073:4176120 [1] NCCL INFO NET/Plugin: Could not find: libnccl-net.so. Using internal net plugin.
c0105:4176073:4176120 [1] NCCL INFO NCCL_IB_DISABLE set by environment to 0.
c0105:4176073:4176120 [1] NCCL INFO NCCL_SOCKET_IFNAME set by environment to ^lo,docker
c0105:4176073:4176120 [1] NCCL INFO NET/IB : Using [0]mlx5_0:1/IB [RO]; OOB boot0:10.116.2.15<0>
c0105:4176073:4176120 [1] NCCL INFO PROFILER/Plugin: Could not find: libnccl-profiler.so. 
c0105:4176073:4176120 [1] NCCL INFO Using network IB
c0105:4176073:4176120 [1] NCCL INFO DMA-BUF is available on GPU device 1
c0105:4176073:4176120 [1] NCCL INFO ncclCommInitRankConfig comm 0x11ee8320 rank 1 nranks 8 cudaDev 1 nvmlDev 1 busId e1000 commId 0xd59f190f461c00bf - Init START
c0105:4176073:4176120 [1] NCCL INFO RAS client listening socket at ::1<28028>
c0105:4176073:4176120 [1] NCCL INFO Bootstrap timings total 0.351868 (create 0.000023, send 0.000077, recv 0.075442, ring 0.275731, delay 0.000000)
c0105:4176073:4176120 [1] NCCL INFO comm 0x11ee8320 rank 1 nRanks 8 nNodes 4 localRanks 2 localRank 1 MNNVL 0
c0105:4176073:4176120 [1] NCCL INFO Trees [0] -1/-1/-1->1->0 [1] -1/-1/-1->1->0
c0105:4176073:4176120 [1] NCCL INFO P2P Chunksize set to 131072
c0105:4176073:4176126 [1] NCCL INFO [Proxy Service] Device 1 CPU core 2
c0105:4176073:4176127 [1] NCCL INFO [Proxy Service UDS] Device 1 CPU core 98
c0105:4176073:4176120 [1] NCCL INFO threadThresholds 8/8/64 | 64/8/64 | 512 | 512
c0105:4176073:4176120 [1] NCCL INFO 2 coll channels, 2 collnet channels, 0 nvls channels, 2 p2p channels, 1 p2p channels per peer
c0201:3704022:3704022 [1] NCCL INFO cudaDriverVersion 13000
c0201:3704022:3704022 [1] NCCL INFO NCCL_SOCKET_IFNAME set by environment to ^lo,docker
c0201:3704022:3704022 [1] NCCL INFO Bootstrap: Using boot0:10.116.2.18<0>
c0201:3704022:3704022 [1] NCCL INFO NCCL version 2.26.2+cuda12.2
c0201:3704022:3704022 [1] NCCL INFO Comm config Blocking set to 1
c0201:3704022:3704067 [1] NCCL INFO NET/Plugin: Could not find: libnccl-net.so. Using internal net plugin.
c0201:3704022:3704067 [1] NCCL INFO NCCL_IB_DISABLE set by environment to 0.
c0201:3704022:3704067 [1] NCCL INFO NCCL_SOCKET_IFNAME set by environment to ^lo,docker
c0201:3704022:3704067 [1] NCCL INFO NET/IB : Using [0]mlx5_0:1/IB [RO]; OOB boot0:10.116.2.18<0>
c0201:3704022:3704067 [1] NCCL INFO PROFILER/Plugin: Could not find: libnccl-profiler.so. 
c0201:3704022:3704067 [1] NCCL INFO Using network IB
c0201:3704022:3704067 [1] NCCL INFO DMA-BUF is available on GPU device 1
c0105:4176073:4176120 [1] NCCL INFO TUNER/Plugin: Could not find: libnccl-tuner.so. Using internal tuner plugin.
c0105:4176073:4176120 [1] NCCL INFO ncclCommInitRankConfig comm 0x11ee8320 rank 1 nranks 8 cudaDev 1 nvmlDev 1 busId e1000 commId 0xd59f190f461c00bf - Init COMPLETE
c0105:4176073:4176120 [1] NCCL INFO Init timings - ncclCommInitRankConfig: rank 1 nranks 8 total 0.56 (kernels 0.13, alloc 0.03, bootstrap 0.35, allgathers 0.02, topo 0.02, graphs 0.00, connections 0.01, rest 0.00)
c0105:4176073:4176130 [1] NCCL INFO Channel 00/0 : 1[1] -> 2[0] [send] via NET/IB/1
c0105:4176073:4176130 [1] NCCL INFO Channel 01/0 : 1[1] -> 2[0] [send] via NET/IB/1
c0105:4176073:4176132 [1] NCCL INFO [Proxy Progress] Device 1 CPU core 98
c0105:4176073:4176130 [1] NCCL INFO Connected all rings, use ring PXN 0 GDR 0
[rank1]:[E313 21:43:25.660947549 ProcessGroupNCCL.cpp:632] [Rank 1] Watchdog caught collective operation timeout: WorkNCCL(SeqNum=1, OpType=ALLGATHER, NumelIn=1, NumelOut=8, Timeout(ms)=600000) ran for 600020 milliseconds before timing out.
c0201:3704022:3704067 [1] NCCL INFO ncclCommInitRankConfig comm 0xf36a480 rank 7 nranks 8 cudaDev 1 nvmlDev 1 busId e1000 commId 0xd59f190f461c00bf - Init START
c0201:3704022:3704067 [1] NCCL INFO RAS client listening socket at ::1<28028>
c0201:3704022:3704067 [1] NCCL INFO Bootstrap timings total 0.070661 (create 0.000028, send 0.000128, recv 0.000203, ring 0.000411, delay 0.000000)
c0201:3704022:3704067 [1] NCCL INFO comm 0xf36a480 rank 7 nRanks 8 nNodes 4 localRanks 2 localRank 1 MNNVL 0
c0201:3704022:3704067 [1] NCCL INFO Trees [0] -1/-1/-1->7->6 [1] -1/-1/-1->7->6
c0201:3704022:3704067 [1] NCCL INFO P2P Chunksize set to 131072
c0201:3704022:3704075 [1] NCCL INFO [Proxy Service] Device 1 CPU core 0
c0201:3704022:3704076 [1] NCCL INFO [Proxy Service UDS] Device 1 CPU core 0
c0201:3704022:3704067 [1] NCCL INFO threadThresholds 8/8/64 | 64/8/64 | 512 | 512
c0201:3704022:3704067 [1] NCCL INFO 2 coll channels, 2 collnet channels, 0 nvls channels, 2 p2p channels, 1 p2p channels per peer
[rank1]:[E313 21:43:25.662064435 ProcessGroupNCCL.cpp:2271] [PG ID 0 PG GUID 0(default_pg) Rank 1]  failure detected by watchdog at work sequence id: 1 PG status: last enqueued work: 1, last completed work: -1
c0201:3704022:3704067 [1] NCCL INFO TUNER/Plugin: Could not find: libnccl-tuner.so. Using internal tuner plugin.
c0201:3704022:3704067 [1] NCCL INFO ncclCommInitRankConfig comm 0xf36a480 rank 7 nranks 8 cudaDev 1 nvmlDev 1 busId e1000 commId 0xd59f190f461c00bf - Init COMPLETE
c0201:3704022:3704067 [1] NCCL INFO Init timings - ncclCommInitRankConfig: rank 7 nranks 8 total 0.25 (kernels 0.11, alloc 0.03, bootstrap 0.07, allgathers 0.01, topo 0.03, graphs 0.00, connections 0.00, rest 0.00)
c0201:3704022:3704078 [1] NCCL INFO Channel 00/0 : 7[1] -> 0[0] [send] via NET/IB/1
c0201:3704022:3704080 [1] NCCL INFO [Proxy Progress] Device 1 CPU core 2
c0201:3704022:3704078 [1] NCCL INFO Channel 01/0 : 7[1] -> 0[0] [send] via NET/IB/1
c0201:3704022:3704078 [1] NCCL INFO Connected all rings, use ring PXN 0 GDR 0
[rank7]:[E313 21:43:25.504997527 ProcessGroupNCCL.cpp:632] [Rank 7] Watchdog caught collective operation timeout: WorkNCCL(SeqNum=1, OpType=ALLGATHER, NumelIn=1, NumelOut=8, Timeout(ms)=600000) ran for 600031 milliseconds before timing out.
[rank1]:[E313 21:43:25.662107475 ProcessGroupNCCL.cpp:670] Stack trace of the failed collective not found, potentially because FlightRecorder is disabled. You can enable it by setting TORCH_NCCL_TRACE_BUFFER_SIZE to a non-zero value.
[rank7]:[E313 21:43:25.505406271 ProcessGroupNCCL.cpp:2271] [PG ID 0 PG GUID 0(default_pg) Rank 7]  failure detected by watchdog at work sequence id: 1 PG status: last enqueued work: 1, last completed work: -1
[rank7]:[E313 21:43:25.505424391 ProcessGroupNCCL.cpp:670] Stack trace of the failed collective not found, potentially because FlightRecorder is disabled. You can enable it by setting TORCH_NCCL_TRACE_BUFFER_SIZE to a non-zero value.
[rank1]:[E313 21:43:25.662162985 ProcessGroupNCCL.cpp:2106] [PG ID 0 PG GUID 0(default_pg) Rank 1] First PG on this rank to signal dumping.
[rank7]:[E313 21:43:25.505462291 ProcessGroupNCCL.cpp:2106] [PG ID 0 PG GUID 0(default_pg) Rank 7] First PG on this rank to signal dumping.
c0105:4176072:4176072 [0] NCCL INFO NCCL_SOCKET_IFNAME set by environment to ^lo,docker
c0105:4176072:4176072 [0] NCCL INFO Bootstrap: Using boot0:10.116.2.15<0>
c0105:4176072:4176072 [0] NCCL INFO cudaDriverVersion 13000
c0105:4176072:4176072 [0] NCCL INFO NCCL version 2.26.2+cuda12.2
c0105:4176072:4176072 [0] NCCL INFO Comm config Blocking set to 1
c0105:4176072:4176119 [0] NCCL INFO NET/Plugin: Could not find: libnccl-net.so. Using internal net plugin.
c0105:4176072:4176119 [0] NCCL INFO NCCL_IB_DISABLE set by environment to 0.
c0105:4176072:4176119 [0] NCCL INFO NCCL_SOCKET_IFNAME set by environment to ^lo,docker
c0105:4176072:4176119 [0] NCCL INFO NET/IB : Using [0]mlx5_0:1/IB [RO]; OOB boot0:10.116.2.15<0>
c0105:4176072:4176119 [0] NCCL INFO PROFILER/Plugin: Could not find: libnccl-profiler.so. 
c0105:4176072:4176119 [0] NCCL INFO Using network IB
c0105:4176072:4176119 [0] NCCL INFO DMA-BUF is available on GPU device 0
c0105:4176072:4176119 [0] NCCL INFO ncclCommInitRankConfig comm 0xfbf0570 rank 0 nranks 8 cudaDev 0 nvmlDev 0 busId 21000 commId 0xd59f190f461c00bf - Init START
c0105:4176072:4176119 [0] NCCL INFO RAS client listening socket at ::1<28028>
c0105:4176072:4176119 [0] NCCL INFO Bootstrap timings total 0.364573 (create 0.000035, send 0.000112, recv 0.012986, ring 0.061483, delay 0.000000)
c0105:4176072:4176119 [0] NCCL INFO comm 0xfbf0570 rank 0 nRanks 8 nNodes 4 localRanks 2 localRank 0 MNNVL 0
c0105:4176072:4176119 [0] NCCL INFO Channel 00/02 : 0 1 2 3 4 5 6 7
c0105:4176072:4176119 [0] NCCL INFO Channel 01/02 : 0 1 2 3 4 5 6 7
c0105:4176072:4176119 [0] NCCL INFO Trees [0] 1/4/-1->0->-1 [1] 1/-1/-1->0->2
c0105:4176072:4176119 [0] NCCL INFO P2P Chunksize set to 131072
c0105:4176072:4176119 [0] NCCL INFO Check P2P Type intraNodeP2pSupport 1 directMode 0
c0105:4176072:4176125 [0] NCCL INFO [Proxy Service] Device 0 CPU core 0
c0105:4176072:4176128 [0] NCCL INFO [Proxy Service UDS] Device 0 CPU core 0
c0105:4176072:4176119 [0] NCCL INFO threadThresholds 8/8/64 | 64/8/64 | 512 | 512
c0105:4176072:4176119 [0] NCCL INFO 2 coll channels, 2 collnet channels, 0 nvls channels, 2 p2p channels, 1 p2p channels per peer
c0105:4176072:4176119 [0] NCCL INFO CC Off, workFifoBytes 1048576
c0105:4176072:4176119 [0] NCCL INFO TUNER/Plugin: Could not find: libnccl-tuner.so. Using internal tuner plugin.
c0105:4176072:4176119 [0] NCCL INFO ncclCommInitRankConfig comm 0xfbf0570 rank 0 nranks 8 cudaDev 0 nvmlDev 0 busId 21000 commId 0xd59f190f461c00bf - Init COMPLETE
c0105:4176072:4176119 [0] NCCL INFO Init timings - ncclCommInitRankConfig: rank 0 nranks 8 total 0.56 (kernels 0.13, alloc 0.02, bootstrap 0.36, allgathers 0.02, topo 0.02, graphs 0.00, connections 0.00, rest 0.01)
c0105:4176072:4176131 [0] NCCL INFO [Proxy Progress] Device 0 CPU core 98
c0105:4176072:4176129 [0] NCCL INFO Channel 00/0 : 7[1] -> 0[0] [receive] via NET/IB/1
c0105:4176072:4176129 [0] NCCL INFO Channel 01/0 : 7[1] -> 0[0] [receive] via NET/IB/1
c0105:4176072:4176129 [0] NCCL INFO Channel 00/0 : 0[0] -> 1[1] via P2P/CUMEM
c0105:4176072:4176129 [0] NCCL INFO Channel 01/0 : 0[0] -> 1[1] via P2P/CUMEM
c0105:4176072:4176129 [0] NCCL INFO Connected all rings, use ring PXN 0 GDR 0
[rank0]:[E313 21:43:25.682224001 ProcessGroupNCCL.cpp:632] [Rank 0] Watchdog caught collective operation timeout: WorkNCCL(SeqNum=1, OpType=ALLGATHER, NumelIn=1, NumelOut=8, Timeout(ms)=600000) ran for 600041 milliseconds before timing out.
[rank0]:[E313 21:43:25.682952425 ProcessGroupNCCL.cpp:2271] [PG ID 0 PG GUID 0(default_pg) Rank 0]  failure detected by watchdog at work sequence id: 1 PG status: last enqueued work: 1, last completed work: -1
[rank0]:[E313 21:43:25.682988995 ProcessGroupNCCL.cpp:670] Stack trace of the failed collective not found, potentially because FlightRecorder is disabled. You can enable it by setting TORCH_NCCL_TRACE_BUFFER_SIZE to a non-zero value.
[rank0]:[E313 21:43:25.683023175 ProcessGroupNCCL.cpp:2106] [PG ID 0 PG GUID 0(default_pg) Rank 0] First PG on this rank to signal dumping.
c0107:3817142:3817142 [0] NCCL INFO cudaDriverVersion 13000
c0107:3817142:3817142 [0] NCCL INFO NCCL_SOCKET_IFNAME set by environment to ^lo,docker
c0107:3817142:3817142 [0] NCCL INFO Bootstrap: Using boot0:10.116.2.17<0>
c0107:3817142:3817142 [0] NCCL INFO NCCL version 2.26.2+cuda12.2
c0107:3817142:3817142 [0] NCCL INFO Comm config Blocking set to 1
c0107:3817142:3817190 [0] NCCL INFO NET/Plugin: Could not find: libnccl-net.so. Using internal net plugin.
c0107:3817142:3817190 [0] NCCL INFO NCCL_IB_DISABLE set by environment to 0.
c0107:3817142:3817190 [0] NCCL INFO NCCL_SOCKET_IFNAME set by environment to ^lo,docker
c0107:3817142:3817190 [0] NCCL INFO NET/IB : Using [0]mlx5_0:1/IB [RO]; OOB boot0:10.116.2.17<0>
c0107:3817142:3817190 [0] NCCL INFO PROFILER/Plugin: Could not find: libnccl-profiler.so. 
c0107:3817142:3817190 [0] NCCL INFO Using network IB
c0107:3817142:3817190 [0] NCCL INFO DMA-BUF is available on GPU device 0
c0107:3817142:3817190 [0] NCCL INFO ncclCommInitRankConfig comm 0xe68b270 rank 4 nranks 8 cudaDev 0 nvmlDev 0 busId 21000 commId 0xd59f190f461c00bf - Init START
c0107:3817142:3817190 [0] NCCL INFO RAS client listening socket at ::1<28028>
c0107:3817142:3817190 [0] NCCL INFO Bootstrap timings total 0.358587 (create 0.000031, send 0.000116, recv 0.002966, ring 0.313484, delay 0.000000)
c0107:3817142:3817190 [0] NCCL INFO comm 0xe68b270 rank 4 nRanks 8 nNodes 4 localRanks 2 localRank 0 MNNVL 0
c0107:3817142:3817190 [0] NCCL INFO Trees [0] 5/6/-1->4->0 [1] 5/-1/-1->4->3
c0107:3817142:3817190 [0] NCCL INFO P2P Chunksize set to 131072
c0107:3817142:3817197 [0] NCCL INFO [Proxy Service] Device 0 CPU core 98
c0107:3817142:3817199 [0] NCCL INFO [Proxy Service UDS] Device 0 CPU core 98
c0107:3817142:3817190 [0] NCCL INFO threadThresholds 8/8/64 | 64/8/64 | 512 | 512
c0107:3817142:3817190 [0] NCCL INFO 2 coll channels, 2 collnet channels, 0 nvls channels, 2 p2p channels, 1 p2p channels per peer
c0107:3817142:3817190 [0] NCCL INFO TUNER/Plugin: Could not find: libnccl-tuner.so. Using internal tuner plugin.
c0107:3817142:3817190 [0] NCCL INFO ncclCommInitRankConfig comm 0xe68b270 rank 4 nranks 8 cudaDev 0 nvmlDev 0 busId 21000 commId 0xd59f190f461c00bf - Init COMPLETE
c0107:3817142:3817190 [0] NCCL INFO Init timings - ncclCommInitRankConfig: rank 4 nranks 8 total 0.54 (kernels 0.11, alloc 0.04, bootstrap 0.36, allgathers 0.01, topo 0.02, graphs 0.00, connections 0.00, rest 0.00)
c0107:3817142:3817202 [0] NCCL INFO [Proxy Progress] Device 0 CPU core 98
c0107:3817142:3817200 [0] NCCL INFO Channel 00/0 : 3[1] -> 4[0] [receive] via NET/IB/1
c0107:3817142:3817200 [0] NCCL INFO Channel 01/0 : 3[1] -> 4[0] [receive] via NET/IB/1
c0107:3817142:3817200 [0] NCCL INFO Channel 00/0 : 4[0] -> 5[1] via P2P/CUMEM
c0107:3817142:3817200 [0] NCCL INFO Channel 01/0 : 4[0] -> 5[1] via P2P/CUMEM
c0107:3817142:3817200 [0] NCCL INFO Connected all rings, use ring PXN 0 GDR 0
[rank4]:[E313 21:43:25.762027106 ProcessGroupNCCL.cpp:632] [Rank 4] Watchdog caught collective operation timeout: WorkNCCL(SeqNum=1, OpType=ALLGATHER, NumelIn=1, NumelOut=8, Timeout(ms)=600000) ran for 600082 milliseconds before timing out.
[rank4]:[E313 21:43:25.762431061 ProcessGroupNCCL.cpp:2271] [PG ID 0 PG GUID 0(default_pg) Rank 4]  failure detected by watchdog at work sequence id: 1 PG status: last enqueued work: 1, last completed work: -1
[rank4]:[E313 21:43:25.762446451 ProcessGroupNCCL.cpp:670] Stack trace of the failed collective not found, potentially because FlightRecorder is disabled. You can enable it by setting TORCH_NCCL_TRACE_BUFFER_SIZE to a non-zero value.
[rank4]:[E313 21:43:25.762490341 ProcessGroupNCCL.cpp:2106] [PG ID 0 PG GUID 0(default_pg) Rank 4] First PG on this rank to signal dumping.
c0201:3704021:3704021 [0] NCCL INFO cudaDriverVersion 13000
c0201:3704021:3704021 [0] NCCL INFO NCCL_SOCKET_IFNAME set by environment to ^lo,docker
c0201:3704021:3704021 [0] NCCL INFO Bootstrap: Using boot0:10.116.2.18<0>
c0201:3704021:3704021 [0] NCCL INFO NCCL version 2.26.2+cuda12.2
c0201:3704021:3704021 [0] NCCL INFO Comm config Blocking set to 1
c0201:3704021:3704068 [0] NCCL INFO NET/Plugin: Could not find: libnccl-net.so. Using internal net plugin.
c0201:3704021:3704068 [0] NCCL INFO NCCL_IB_DISABLE set by environment to 0.
c0201:3704021:3704068 [0] NCCL INFO NCCL_SOCKET_IFNAME set by environment to ^lo,docker
c0201:3704021:3704068 [0] NCCL INFO NET/IB : Using [0]mlx5_0:1/IB [RO]; OOB boot0:10.116.2.18<0>
c0201:3704021:3704068 [0] NCCL INFO PROFILER/Plugin: Could not find: libnccl-profiler.so. 
c0201:3704021:3704068 [0] NCCL INFO Using network IB
c0201:3704021:3704068 [0] NCCL INFO DMA-BUF is available on GPU device 0
c0201:3704021:3704068 [0] NCCL INFO ncclCommInitRankConfig comm 0x104e0c60 rank 6 nranks 8 cudaDev 0 nvmlDev 0 busId 21000 commId 0xd59f190f461c00bf - Init START
c0201:3704021:3704068 [0] NCCL INFO RAS client listening socket at ::1<28028>
c0201:3704021:3704068 [0] NCCL INFO Bootstrap timings total 0.002126 (create 0.000035, send 0.000145, recv 0.000290, ring 0.001254, delay 0.000000)
c0201:3704021:3704068 [0] NCCL INFO comm 0x104e0c60 rank 6 nRanks 8 nNodes 4 localRanks 2 localRank 0 MNNVL 0
c0201:3704021:3704068 [0] NCCL INFO Trees [0] 7/-1/-1->6->4 [1] 7/2/-1->6->-1
c0201:3704021:3704068 [0] NCCL INFO P2P Chunksize set to 131072
c0201:3704021:3704073 [0] NCCL INFO [Proxy Service] Device 0 CPU core 98
c0201:3704021:3704074 [0] NCCL INFO [Proxy Service UDS] Device 0 CPU core 98
c0201:3704021:3704068 [0] NCCL INFO threadThresholds 8/8/64 | 64/8/64 | 512 | 512
c0201:3704021:3704068 [0] NCCL INFO 2 coll channels, 2 collnet channels, 0 nvls channels, 2 p2p channels, 1 p2p channels per peer
c0201:3704021:3704068 [0] NCCL INFO TUNER/Plugin: Could not find: libnccl-tuner.so. Using internal tuner plugin.
c0201:3704021:3704068 [0] NCCL INFO ncclCommInitRankConfig comm 0x104e0c60 rank 6 nranks 8 cudaDev 0 nvmlDev 0 busId 21000 commId 0xd59f190f461c00bf - Init COMPLETE
c0201:3704021:3704068 [0] NCCL INFO Init timings - ncclCommInitRankConfig: rank 6 nranks 8 total 0.15 (kernels 0.09, alloc 0.01, bootstrap 0.00, allgathers 0.00, topo 0.03, graphs 0.00, connections 0.00, rest 0.00)
c0201:3704021:3704079 [0] NCCL INFO [Proxy Progress] Device 0 CPU core 97
c0201:3704021:3704077 [0] NCCL INFO Channel 00/0 : 5[1] -> 6[0] [receive] via NET/IB/1
c0201:3704021:3704077 [0] NCCL INFO Channel 01/0 : 5[1] -> 6[0] [receive] via NET/IB/1
c0201:3704021:3704077 [0] NCCL INFO Channel 00/0 : 6[0] -> 7[1] via P2P/CUMEM
c0201:3704021:3704077 [0] NCCL INFO Channel 01/0 : 6[0] -> 7[1] via P2P/CUMEM
c0201:3704021:3704077 [0] NCCL INFO Connected all rings, use ring PXN 0 GDR 0
[rank6]:[E313 21:43:25.567296254 ProcessGroupNCCL.cpp:632] [Rank 6] Watchdog caught collective operation timeout: WorkNCCL(SeqNum=1, OpType=ALLGATHER, NumelIn=1, NumelOut=8, Timeout(ms)=600000) ran for 600094 milliseconds before timing out.
c0106:734345:734345 [1] NCCL INFO cudaDriverVersion 13000
c0106:734345:734345 [1] NCCL INFO NCCL_SOCKET_IFNAME set by environment to ^lo,docker
c0106:734345:734345 [1] NCCL INFO Bootstrap: Using boot0:10.116.2.16<0>
c0106:734345:734345 [1] NCCL INFO NCCL version 2.26.2+cuda12.2
c0106:734345:734345 [1] NCCL INFO Comm config Blocking set to 1
c0106:734345:734393 [1] NCCL INFO NET/Plugin: Could not find: libnccl-net.so. Using internal net plugin.
c0106:734345:734393 [1] NCCL INFO NCCL_IB_DISABLE set by environment to 0.
c0106:734345:734393 [1] NCCL INFO NCCL_SOCKET_IFNAME set by environment to ^lo,docker
c0106:734345:734393 [1] NCCL INFO NET/IB : Using [0]mlx5_0:1/IB [RO]; OOB boot0:10.116.2.16<0>
c0106:734345:734393 [1] NCCL INFO PROFILER/Plugin: Could not find: libnccl-profiler.so. 
c0106:734345:734393 [1] NCCL INFO Using network IB
c0106:734345:734393 [1] NCCL INFO DMA-BUF is available on GPU device 1
[rank6]:[E313 21:43:25.567707547 ProcessGroupNCCL.cpp:2271] [PG ID 0 PG GUID 0(default_pg) Rank 6]  failure detected by watchdog at work sequence id: 1 PG status: last enqueued work: 1, last completed work: -1
c0106:734345:734393 [1] NCCL INFO ncclCommInitRankConfig comm 0xe280780 rank 3 nranks 8 cudaDev 1 nvmlDev 1 busId e1000 commId 0xd59f190f461c00bf - Init START
c0106:734345:734393 [1] NCCL INFO RAS client listening socket at ::1<28028>
c0106:734345:734393 [1] NCCL INFO Bootstrap timings total 0.314490 (create 0.000031, send 0.000177, recv 0.000202, ring 0.275826, delay 0.000000)
c0106:734345:734393 [1] NCCL INFO comm 0xe280780 rank 3 nRanks 8 nNodes 4 localRanks 2 localRank 1 MNNVL 0
c0106:734345:734393 [1] NCCL INFO Trees [0] -1/-1/-1->3->2 [1] 4/-1/-1->3->2
c0106:734345:734393 [1] NCCL INFO P2P Chunksize set to 131072
c0106:734345:734402 [1] NCCL INFO [Proxy Service] Device 1 CPU core 0
c0106:734345:734404 [1] NCCL INFO [Proxy Service UDS] Device 1 CPU core 2
c0106:734345:734393 [1] NCCL INFO threadThresholds 8/8/64 | 64/8/64 | 512 | 512
c0106:734345:734393 [1] NCCL INFO 2 coll channels, 2 collnet channels, 0 nvls channels, 2 p2p channels, 1 p2p channels per peer
[rank6]:[E313 21:43:25.567722837 ProcessGroupNCCL.cpp:670] Stack trace of the failed collective not found, potentially because FlightRecorder is disabled. You can enable it by setting TORCH_NCCL_TRACE_BUFFER_SIZE to a non-zero value.
c0106:734345:734393 [1] NCCL INFO TUNER/Plugin: Could not find: libnccl-tuner.so. Using internal tuner plugin.
c0106:734345:734393 [1] NCCL INFO ncclCommInitRankConfig comm 0xe280780 rank 3 nranks 8 cudaDev 1 nvmlDev 1 busId e1000 commId 0xd59f190f461c00bf - Init COMPLETE
c0106:734345:734393 [1] NCCL INFO Init timings - ncclCommInitRankConfig: rank 3 nranks 8 total 0.52 (kernels 0.14, alloc 0.03, bootstrap 0.31, allgathers 0.01, topo 0.02, graphs 0.00, connections 0.00, rest 0.00)
c0106:734345:734406 [1] NCCL INFO Channel 00/0 : 3[1] -> 4[0] [send] via NET/IB/1
c0106:734345:734406 [1] NCCL INFO Channel 01/0 : 3[1] -> 4[0] [send] via NET/IB/1
c0106:734345:734408 [1] NCCL INFO [Proxy Progress] Device 1 CPU core 2
c0106:734345:734406 [1] NCCL INFO Connected all rings, use ring PXN 0 GDR 0
c0106:734344:734344 [0] NCCL INFO cudaDriverVersion 13000
c0106:734344:734344 [0] NCCL INFO NCCL_SOCKET_IFNAME set by environment to ^lo,docker
c0106:734344:734344 [0] NCCL INFO Bootstrap: Using boot0:10.116.2.16<0>
c0106:734344:734344 [0] NCCL INFO NCCL version 2.26.2+cuda12.2
c0106:734344:734344 [0] NCCL INFO Comm config Blocking set to 1
c0106:734344:734394 [0] NCCL INFO NET/Plugin: Could not find: libnccl-net.so. Using internal net plugin.
c0106:734344:734394 [0] NCCL INFO NCCL_IB_DISABLE set by environment to 0.
c0106:734344:734394 [0] NCCL INFO NCCL_SOCKET_IFNAME set by environment to ^lo,docker
c0106:734344:734394 [0] NCCL INFO NET/IB : Using [0]mlx5_0:1/IB [RO]; OOB boot0:10.116.2.16<0>
c0106:734344:734394 [0] NCCL INFO PROFILER/Plugin: Could not find: libnccl-profiler.so. 
c0106:734344:734394 [0] NCCL INFO Using network IB
c0106:734344:734394 [0] NCCL INFO DMA-BUF is available on GPU device 0
[rank6]:[E313 21:43:25.567761968 ProcessGroupNCCL.cpp:2106] [PG ID 0 PG GUID 0(default_pg) Rank 6] First PG on this rank to signal dumping.
c0106:734344:734394 [0] NCCL INFO ncclCommInitRankConfig comm 0xfe73310 rank 2 nranks 8 cudaDev 0 nvmlDev 0 busId 21000 commId 0xd59f190f461c00bf - Init START
c0106:734344:734394 [0] NCCL INFO RAS client listening socket at ::1<28028>
c0106:734344:734394 [0] NCCL INFO Bootstrap timings total 0.276660 (create 0.000026, send 0.000124, recv 0.000250, ring 0.275831, delay 0.000000)
c0106:734344:734394 [0] NCCL INFO comm 0xfe73310 rank 2 nRanks 8 nNodes 4 localRanks 2 localRank 0 MNNVL 0
c0106:734344:734394 [0] NCCL INFO Trees [0] 3/-1/-1->2->5 [1] 3/0/-1->2->6
c0106:734344:734394 [0] NCCL INFO P2P Chunksize set to 131072
c0106:734344:734403 [0] NCCL INFO [Proxy Service UDS] Device 0 CPU core 2
c0106:734344:734401 [0] NCCL INFO [Proxy Service] Device 0 CPU core 0
c0106:734344:734394 [0] NCCL INFO threadThresholds 8/8/64 | 64/8/64 | 512 | 512
c0106:734344:734394 [0] NCCL INFO 2 coll channels, 2 collnet channels, 0 nvls channels, 2 p2p channels, 1 p2p channels per peer
c0106:734344:734394 [0] NCCL INFO TUNER/Plugin: Could not find: libnccl-tuner.so. Using internal tuner plugin.
c0106:734344:734394 [0] NCCL INFO ncclCommInitRankConfig comm 0xfe73310 rank 2 nranks 8 cudaDev 0 nvmlDev 0 busId 21000 commId 0xd59f190f461c00bf - Init COMPLETE
c0106:734344:734394 [0] NCCL INFO Init timings - ncclCommInitRankConfig: rank 2 nranks 8 total 0.46 (kernels 0.11, alloc 0.03, bootstrap 0.28, allgathers 0.01, topo 0.02, graphs 0.00, connections 0.00, rest 0.00)
c0106:734344:734407 [0] NCCL INFO [Proxy Progress] Device 0 CPU core 0
c0106:734344:734405 [0] NCCL INFO Channel 00/0 : 1[1] -> 2[0] [receive] via NET/IB/1
c0106:734344:734405 [0] NCCL INFO Channel 01/0 : 1[1] -> 2[0] [receive] via NET/IB/1
c0106:734344:734405 [0] NCCL INFO Channel 00/0 : 2[0] -> 3[1] via P2P/CUMEM
c0106:734344:734405 [0] NCCL INFO Channel 01/0 : 2[0] -> 3[1] via P2P/CUMEM
c0106:734344:734405 [0] NCCL INFO Connected all rings, use ring PXN 0 GDR 0
[rank2]:[E313 21:43:25.771168163 ProcessGroupNCCL.cpp:632] [Rank 2] Watchdog caught collective operation timeout: WorkNCCL(SeqNum=1, OpType=ALLGATHER, NumelIn=1, NumelOut=8, Timeout(ms)=600000) ran for 600097 milliseconds before timing out.
[rank2]:[E313 21:43:25.771654147 ProcessGroupNCCL.cpp:2271] [PG ID 0 PG GUID 0(default_pg) Rank 2]  failure detected by watchdog at work sequence id: 1 PG status: last enqueued work: 1, last completed work: -1
[rank3]:[E313 21:43:25.770973102 ProcessGroupNCCL.cpp:632] [Rank 3] Watchdog caught collective operation timeout: WorkNCCL(SeqNum=1, OpType=ALLGATHER, NumelIn=1, NumelOut=8, Timeout(ms)=600000) ran for 600097 milliseconds before timing out.
[rank3]:[E313 21:43:25.771991619 ProcessGroupNCCL.cpp:2271] [PG ID 0 PG GUID 0(default_pg) Rank 3]  failure detected by watchdog at work sequence id: 1 PG status: last enqueued work: 1, last completed work: -1
[rank3]:[E313 21:43:25.772024589 ProcessGroupNCCL.cpp:670] Stack trace of the failed collective not found, potentially because FlightRecorder is disabled. You can enable it by setting TORCH_NCCL_TRACE_BUFFER_SIZE to a non-zero value.
[rank3]:[E313 21:43:25.772077769 ProcessGroupNCCL.cpp:2106] [PG ID 0 PG GUID 0(default_pg) Rank 3] First PG on this rank to signal dumping.
[rank2]:[E313 21:43:25.772096470 ProcessGroupNCCL.cpp:670] Stack trace of the failed collective not found, potentially because FlightRecorder is disabled. You can enable it by setting TORCH_NCCL_TRACE_BUFFER_SIZE to a non-zero value.
[rank2]:[E313 21:43:25.772145470 ProcessGroupNCCL.cpp:2106] [PG ID 0 PG GUID 0(default_pg) Rank 2] First PG on this rank to signal dumping.
[rank0]:[E313 21:43:25.906726917 ProcessGroupNCCL.cpp:1746] [PG ID 0 PG GUID 0(default_pg) Rank 0] Received a dump signal due to a collective timeout from this local rank and we will try our best to dump the debug info. Last enqueued NCCL work: 1, last completed NCCL work: -1.This is most likely caused by incorrect usages of collectives, e.g., wrong sizes used across ranks, the order of collectives is not same for all ranks or the scheduled collective, for some reason, didn't run. Additionally, this can be caused by GIL deadlock or other reasons such as network errors or bugs in the communications library (e.g. NCCL), etc. 
[rank1]:[E313 21:43:25.906840977 ProcessGroupNCCL.cpp:1746] [PG ID 0 PG GUID 0(default_pg) Rank 1] Received a dump signal due to a collective timeout from this local rank and we will try our best to dump the debug info. Last enqueued NCCL work: 1, last completed NCCL work: -1.This is most likely caused by incorrect usages of collectives, e.g., wrong sizes used across ranks, the order of collectives is not same for all ranks or the scheduled collective, for some reason, didn't run. Additionally, this can be caused by GIL deadlock or other reasons such as network errors or bugs in the communications library (e.g. NCCL), etc. 
[rank0]:[E313 21:43:25.913960685 ProcessGroupNCCL.cpp:1536] [PG ID 0 PG GUID 0(default_pg) Rank 0] ProcessGroupNCCL preparing to dump debug info. Include stack trace: 1
[rank1]:[E313 21:43:25.926922154 ProcessGroupNCCL.cpp:1536] [PG ID 0 PG GUID 0(default_pg) Rank 1] ProcessGroupNCCL preparing to dump debug info. Include stack trace: 1
Error executing job with overrides: ['data_fp=/users/gbk2114/data/ethos-tokenize/train', 'out_dir=/users/gbk2114/data/ethos-tokenize/models']
c0105:4176073:4176404 [1] NCCL INFO misc/socket.cc:64 -> 3
c0105:4176073:4176404 [1] NCCL INFO misc/socket.cc:80 -> 3
c0105:4176073:4176404 [1] NCCL INFO misc/socket.cc:829 -> 3
c0105:4176073:4176404 [1] NCCL INFO misc/socket.cc:64 -> 3
c0105:4176073:4176404 [1] NCCL INFO misc/socket.cc:80 -> 3
c0105:4176073:4176404 [1] NCCL INFO misc/socket.cc:829 -> 3
c0105:4176073:4176126 [1] NCCL INFO misc/socket.cc:881 -> 3
Error executing job with overrides: ['data_fp=/users/gbk2114/data/ethos-tokenize/train', 'out_dir=/users/gbk2114/data/ethos-tokenize/models']
c0105:4176072:4176125 [0] NCCL INFO misc/socket.cc:881 -> 3
c0105:4176072:4176402 [0] NCCL INFO misc/socket.cc:64 -> 3
c0105:4176072:4176402 [0] NCCL INFO misc/socket.cc:80 -> 3
c0105:4176072:4176402 [0] NCCL INFO misc/socket.cc:829 -> 3
c0105:4176072:4176125 [0] NCCL INFO misc/socket.cc:881 -> 3
c0105:4176072:4176402 [0] NCCL INFO misc/socket.cc:64 -> 3
c0105:4176072:4176402 [0] NCCL INFO misc/socket.cc:80 -> 3
c0105:4176072:4176402 [0] NCCL INFO misc/socket.cc:829 -> 3
[rank0]: Traceback (most recent call last):
[rank0]:   File "/groups/mm6677_gp/gbk2114/ethos-ares/.venv/bin/ethos_train", line 10, in <module>
[rank0]:     sys.exit(main())
[rank0]:              ^^^^^^
[rank0]:   File "/groups/mm6677_gp/gbk2114/ethos-ares/.venv/lib/python3.12/site-packages/hydra/main.py", line 94, in decorated_main
[rank0]:     _run_hydra(
[rank0]:   File "/groups/mm6677_gp/gbk2114/ethos-ares/.venv/lib/python3.12/site-packages/hydra/_internal/utils.py", line 394, in _run_hydra
[rank0]:     _run_app(
[rank0]:   File "/groups/mm6677_gp/gbk2114/ethos-ares/.venv/lib/python3.12/site-packages/hydra/_internal/utils.py", line 457, in _run_app
[rank0]:     run_and_report(
[rank0]:   File "/groups/mm6677_gp/gbk2114/ethos-ares/.venv/lib/python3.12/site-packages/hydra/_internal/utils.py", line 223, in run_and_report
[rank0]:     raise ex
[rank0]:   File "/groups/mm6677_gp/gbk2114/ethos-ares/.venv/lib/python3.12/site-packages/hydra/_internal/utils.py", line 220, in run_and_report
[rank0]:     return func()
[rank0]:            ^^^^^^
[rank0]:   File "/groups/mm6677_gp/gbk2114/ethos-ares/.venv/lib/python3.12/site-packages/hydra/_internal/utils.py", line 458, in <lambda>
[rank0]:     lambda: hydra.run(
[rank0]:             ^^^^^^^^^^
[rank0]:   File "/groups/mm6677_gp/gbk2114/ethos-ares/.venv/lib/python3.12/site-packages/hydra/_internal/hydra.py", line 132, in run
[rank0]:     _ = ret.return_value
[rank0]:         ^^^^^^^^^^^^^^^^
[rank0]:   File "/groups/mm6677_gp/gbk2114/ethos-ares/.venv/lib/python3.12/site-packages/hydra/core/utils.py", line 260, in return_value
[rank0]:     raise self._return_value
[rank0]:   File "/groups/mm6677_gp/gbk2114/ethos-ares/.venv/lib/python3.12/site-packages/hydra/core/utils.py", line 186, in run_job
[rank0]:     ret.return_value = task_function(task_cfg)
[rank0]:                        ^^^^^^^^^^^^^^^^^^^^^^^
[rank0]:   File "/groups/mm6677_gp/gbk2114/ethos-ares/src/ethos/train/run_training.py", line 191, in main
[rank0]:     raw_model = DDP(raw_model, device_ids=[ddp_local_rank])
[rank0]:                 ^^^^^^^^^^^^^^^^^^^^^^^^^^^^^^^^^^^^^^^^^^^
[rank0]:   File "/groups/mm6677_gp/gbk2114/ethos-ares/.venv/lib/python3.12/site-packages/torch/nn/parallel/distributed.py", line 835, in __init__
[rank0]:     _verify_param_shape_across_processes(self.process_group, parameters)
[rank0]:   File "/groups/mm6677_gp/gbk2114/ethos-ares/.venv/lib/python3.12/site-packages/torch/distributed/utils.py", line 282, in _verify_param_shape_across_processes
[rank0]:     return dist._verify_params_across_processes(process_group, tensors, logger)
[rank0]:            ^^^^^^^^^^^^^^^^^^^^^^^^^^^^^^^^^^^^^^^^^^^^^^^^^^^^^^^^^^^^^^^^^^^^
[rank0]: RuntimeError: DDP expects same model across all ranks, but Rank 0 has 39 params, while rank 1 has inconsistent 0 params.
[rank1]: Traceback (most recent call last):
[rank1]:   File "/groups/mm6677_gp/gbk2114/ethos-ares/.venv/bin/ethos_train", line 10, in <module>
[rank1]:     sys.exit(main())
[rank1]:              ^^^^^^
[rank1]:   File "/groups/mm6677_gp/gbk2114/ethos-ares/.venv/lib/python3.12/site-packages/hydra/main.py", line 94, in decorated_main
[rank1]:     _run_hydra(
[rank1]:   File "/groups/mm6677_gp/gbk2114/ethos-ares/.venv/lib/python3.12/site-packages/hydra/_internal/utils.py", line 394, in _run_hydra
[rank1]:     _run_app(
[rank1]:   File "/groups/mm6677_gp/gbk2114/ethos-ares/.venv/lib/python3.12/site-packages/hydra/_internal/utils.py", line 457, in _run_app
[rank1]:     run_and_report(
[rank1]:   File "/groups/mm6677_gp/gbk2114/ethos-ares/.venv/lib/python3.12/site-packages/hydra/_internal/utils.py", line 223, in run_and_report
[rank1]:     raise ex
[rank1]:   File "/groups/mm6677_gp/gbk2114/ethos-ares/.venv/lib/python3.12/site-packages/hydra/_internal/utils.py", line 220, in run_and_report
[rank1]:     return func()
[rank1]:            ^^^^^^
[rank1]:   File "/groups/mm6677_gp/gbk2114/ethos-ares/.venv/lib/python3.12/site-packages/hydra/_internal/utils.py", line 458, in <lambda>
[rank1]:     lambda: hydra.run(
[rank1]:             ^^^^^^^^^^
[rank1]:   File "/groups/mm6677_gp/gbk2114/ethos-ares/.venv/lib/python3.12/site-packages/hydra/_internal/hydra.py", line 132, in run
[rank1]:     _ = ret.return_value
[rank1]:         ^^^^^^^^^^^^^^^^
[rank1]:   File "/groups/mm6677_gp/gbk2114/ethos-ares/.venv/lib/python3.12/site-packages/hydra/core/utils.py", line 260, in return_value
[rank1]:     raise self._return_value
[rank1]:   File "/groups/mm6677_gp/gbk2114/ethos-ares/.venv/lib/python3.12/site-packages/hydra/core/utils.py", line 186, in run_job
[rank1]:     ret.return_value = task_function(task_cfg)
[rank1]:                        ^^^^^^^^^^^^^^^^^^^^^^^
[rank1]:   File "/groups/mm6677_gp/gbk2114/ethos-ares/src/ethos/train/run_training.py", line 191, in main
[rank1]:     raw_model = DDP(raw_model, device_ids=[ddp_local_rank])
[rank1]:                 ^^^^^^^^^^^^^^^^^^^^^^^^^^^^^^^^^^^^^^^^^^^
[rank1]:   File "/groups/mm6677_gp/gbk2114/ethos-ares/.venv/lib/python3.12/site-packages/torch/nn/parallel/distributed.py", line 835, in __init__
[rank1]:     _verify_param_shape_across_processes(self.process_group, parameters)
[rank1]:   File "/groups/mm6677_gp/gbk2114/ethos-ares/.venv/lib/python3.12/site-packages/torch/distributed/utils.py", line 282, in _verify_param_shape_across_processes
[rank1]:     return dist._verify_params_across_processes(process_group, tensors, logger)
[rank1]:            ^^^^^^^^^^^^^^^^^^^^^^^^^^^^^^^^^^^^^^^^^^^^^^^^^^^^^^^^^^^^^^^^^^^^
[rank1]: RuntimeError: DDP expects same model across all ranks, but Rank 1 has 39 params, while rank 0 has inconsistent 0 params.
[rank7]:[E313 21:43:25.885574824 ProcessGroupNCCL.cpp:1746] [PG ID 0 PG GUID 0(default_pg) Rank 7] Received a dump signal due to a collective timeout from this local rank and we will try our best to dump the debug info. Last enqueued NCCL work: 1, last completed NCCL work: -1.This is most likely caused by incorrect usages of collectives, e.g., wrong sizes used across ranks, the order of collectives is not same for all ranks or the scheduled collective, for some reason, didn't run. Additionally, this can be caused by GIL deadlock or other reasons such as network errors or bugs in the communications library (e.g. NCCL), etc. 
[rank6]:[E313 21:43:25.885612055 ProcessGroupNCCL.cpp:1746] [PG ID 0 PG GUID 0(default_pg) Rank 6] Received a dump signal due to a collective timeout from this local rank and we will try our best to dump the debug info. Last enqueued NCCL work: 1, last completed NCCL work: -1.This is most likely caused by incorrect usages of collectives, e.g., wrong sizes used across ranks, the order of collectives is not same for all ranks or the scheduled collective, for some reason, didn't run. Additionally, this can be caused by GIL deadlock or other reasons such as network errors or bugs in the communications library (e.g. NCCL), etc. 
[rank2]:[E313 21:43:25.086067982 ProcessGroupNCCL.cpp:1746] [PG ID 0 PG GUID 0(default_pg) Rank 2] Received a dump signal due to a collective timeout from this local rank and we will try our best to dump the debug info. Last enqueued NCCL work: 1, last completed NCCL work: -1.This is most likely caused by incorrect usages of collectives, e.g., wrong sizes used across ranks, the order of collectives is not same for all ranks or the scheduled collective, for some reason, didn't run. Additionally, this can be caused by GIL deadlock or other reasons such as network errors or bugs in the communications library (e.g. NCCL), etc. 
[rank3]:[E313 21:43:25.086075532 ProcessGroupNCCL.cpp:1746] [PG ID 0 PG GUID 0(default_pg) Rank 3] Received a dump signal due to a collective timeout from this local rank and we will try our best to dump the debug info. Last enqueued NCCL work: 1, last completed NCCL work: -1.This is most likely caused by incorrect usages of collectives, e.g., wrong sizes used across ranks, the order of collectives is not same for all ranks or the scheduled collective, for some reason, didn't run. Additionally, this can be caused by GIL deadlock or other reasons such as network errors or bugs in the communications library (e.g. NCCL), etc. 
[rank6]:[E313 21:43:25.889797050 ProcessGroupNCCL.cpp:1536] [PG ID 0 PG GUID 0(default_pg) Rank 6] ProcessGroupNCCL preparing to dump debug info. Include stack trace: 1
[rank3]:[E313 21:43:25.090351972 ProcessGroupNCCL.cpp:1536] [PG ID 0 PG GUID 0(default_pg) Rank 3] ProcessGroupNCCL preparing to dump debug info. Include stack trace: 1
[rank2]:[E313 21:43:25.090675894 ProcessGroupNCCL.cpp:1536] [PG ID 0 PG GUID 0(default_pg) Rank 2] ProcessGroupNCCL preparing to dump debug info. Include stack trace: 1
[rank7]:[E313 21:43:25.894087386 ProcessGroupNCCL.cpp:1536] [PG ID 0 PG GUID 0(default_pg) Rank 7] ProcessGroupNCCL preparing to dump debug info. Include stack trace: 1
Error executing job with overrides: ['data_fp=/users/gbk2114/data/ethos-tokenize/train', 'out_dir=/users/gbk2114/data/ethos-tokenize/models']
c0106:734345:734677 [1] NCCL INFO misc/socket.cc:64 -> 3
c0106:734345:734677 [1] NCCL INFO misc/socket.cc:80 -> 3
c0106:734345:734677 [1] NCCL INFO misc/socket.cc:829 -> 3
c0106:734345:734402 [1] NCCL INFO misc/socket.cc:881 -> 3
c0106:734345:734677 [1] NCCL INFO misc/socket.cc:64 -> 3
c0106:734345:734677 [1] NCCL INFO misc/socket.cc:80 -> 3
c0106:734345:734677 [1] NCCL INFO misc/socket.cc:829 -> 3
Error executing job with overrides: ['data_fp=/users/gbk2114/data/ethos-tokenize/train', 'out_dir=/users/gbk2114/data/ethos-tokenize/models']
Error executing job with overrides: ['data_fp=/users/gbk2114/data/ethos-tokenize/train', 'out_dir=/users/gbk2114/data/ethos-tokenize/models']
c0201:3704021:3704073 [0] NCCL INFO misc/socket.cc:881 -> 3
c0201:3704021:3704350 [0] NCCL INFO misc/socket.cc:64 -> 3
c0201:3704021:3704350 [0] NCCL INFO misc/socket.cc:80 -> 3
c0201:3704021:3704350 [0] NCCL INFO misc/socket.cc:829 -> 3
c0201:3704021:3704350 [0] NCCL INFO misc/socket.cc:64 -> 3
c0201:3704021:3704350 [0] NCCL INFO misc/socket.cc:80 -> 3
c0201:3704021:3704350 [0] NCCL INFO misc/socket.cc:829 -> 3
Error executing job with overrides: ['data_fp=/users/gbk2114/data/ethos-tokenize/train', 'out_dir=/users/gbk2114/data/ethos-tokenize/models']
[rank3]: Traceback (most recent call last):
[rank3]:   File "/groups/mm6677_gp/gbk2114/ethos-ares/.venv/bin/ethos_train", line 10, in <module>
[rank3]:     sys.exit(main())
[rank3]:              ^^^^^^
[rank3]:   File "/groups/mm6677_gp/gbk2114/ethos-ares/.venv/lib/python3.12/site-packages/hydra/main.py", line 94, in decorated_main
[rank3]:     _run_hydra(
[rank3]:   File "/groups/mm6677_gp/gbk2114/ethos-ares/.venv/lib/python3.12/site-packages/hydra/_internal/utils.py", line 394, in _run_hydra
[rank3]:     _run_app(
[rank3]:   File "/groups/mm6677_gp/gbk2114/ethos-ares/.venv/lib/python3.12/site-packages/hydra/_internal/utils.py", line 457, in _run_app
[rank3]:     run_and_report(
[rank3]:   File "/groups/mm6677_gp/gbk2114/ethos-ares/.venv/lib/python3.12/site-packages/hydra/_internal/utils.py", line 223, in run_and_report
[rank3]:     raise ex
[rank3]:   File "/groups/mm6677_gp/gbk2114/ethos-ares/.venv/lib/python3.12/site-packages/hydra/_internal/utils.py", line 220, in run_and_report
[rank3]:     return func()
[rank3]:            ^^^^^^
[rank3]:   File "/groups/mm6677_gp/gbk2114/ethos-ares/.venv/lib/python3.12/site-packages/hydra/_internal/utils.py", line 458, in <lambda>
[rank3]:     lambda: hydra.run(
[rank3]:             ^^^^^^^^^^
[rank3]:   File "/groups/mm6677_gp/gbk2114/ethos-ares/.venv/lib/python3.12/site-packages/hydra/_internal/hydra.py", line 132, in run
[rank3]:     _ = ret.return_value
[rank3]:         ^^^^^^^^^^^^^^^^
[rank3]:   File "/groups/mm6677_gp/gbk2114/ethos-ares/.venv/lib/python3.12/site-packages/hydra/core/utils.py", line 260, in return_value
[rank3]:     raise self._return_value
[rank3]:   File "/groups/mm6677_gp/gbk2114/ethos-ares/.venv/lib/python3.12/site-packages/hydra/core/utils.py", line 186, in run_job
[rank3]:     ret.return_value = task_function(task_cfg)
[rank3]:                        ^^^^^^^^^^^^^^^^^^^^^^^
[rank3]:   File "/groups/mm6677_gp/gbk2114/ethos-ares/src/ethos/train/run_training.py", line 191, in main
[rank3]:     raw_model = DDP(raw_model, device_ids=[ddp_local_rank])
[rank3]:                 ^^^^^^^^^^^^^^^^^^^^^^^^^^^^^^^^^^^^^^^^^^^
[rank3]:   File "/groups/mm6677_gp/gbk2114/ethos-ares/.venv/lib/python3.12/site-packages/torch/nn/parallel/distributed.py", line 835, in __init__
[rank3]:     _verify_param_shape_across_processes(self.process_group, parameters)
[rank3]:   File "/groups/mm6677_gp/gbk2114/ethos-ares/.venv/lib/python3.12/site-packages/torch/distributed/utils.py", line 282, in _verify_param_shape_across_processes
[rank3]:     return dist._verify_params_across_processes(process_group, tensors, logger)
[rank3]:            ^^^^^^^^^^^^^^^^^^^^^^^^^^^^^^^^^^^^^^^^^^^^^^^^^^^^^^^^^^^^^^^^^^^^
[rank3]: RuntimeError: DDP expects same model across all ranks, but Rank 3 has 39 params, while rank 0 has inconsistent 0 params.
c0106:734344:734679 [0] NCCL INFO misc/socket.cc:64 -> 3
c0106:734344:734401 [0] NCCL INFO misc/socket.cc:881 -> 3
c0106:734344:734679 [0] NCCL INFO misc/socket.cc:80 -> 3
c0106:734344:734679 [0] NCCL INFO misc/socket.cc:829 -> 3
c0106:734344:734679 [0] NCCL INFO misc/socket.cc:64 -> 3
c0106:734344:734679 [0] NCCL INFO misc/socket.cc:80 -> 3
c0106:734344:734679 [0] NCCL INFO misc/socket.cc:829 -> 3
[rank7]: Traceback (most recent call last):
[rank7]:   File "/groups/mm6677_gp/gbk2114/ethos-ares/.venv/bin/ethos_train", line 10, in <module>
[rank7]:     sys.exit(main())
[rank7]:              ^^^^^^
[rank7]:   File "/groups/mm6677_gp/gbk2114/ethos-ares/.venv/lib/python3.12/site-packages/hydra/main.py", line 94, in decorated_main
[rank7]:     _run_hydra(
[rank7]:   File "/groups/mm6677_gp/gbk2114/ethos-ares/.venv/lib/python3.12/site-packages/hydra/_internal/utils.py", line 394, in _run_hydra
[rank7]:     _run_app(
[rank7]:   File "/groups/mm6677_gp/gbk2114/ethos-ares/.venv/lib/python3.12/site-packages/hydra/_internal/utils.py", line 457, in _run_app
[rank7]:     run_and_report(
[rank7]:   File "/groups/mm6677_gp/gbk2114/ethos-ares/.venv/lib/python3.12/site-packages/hydra/_internal/utils.py", line 223, in run_and_report
[rank7]:     raise ex
[rank7]:   File "/groups/mm6677_gp/gbk2114/ethos-ares/.venv/lib/python3.12/site-packages/hydra/_internal/utils.py", line 220, in run_and_report
[rank7]:     return func()
[rank7]:            ^^^^^^
[rank7]:   File "/groups/mm6677_gp/gbk2114/ethos-ares/.venv/lib/python3.12/site-packages/hydra/_internal/utils.py", line 458, in <lambda>
[rank7]:     lambda: hydra.run(
[rank7]:             ^^^^^^^^^^
[rank7]:   File "/groups/mm6677_gp/gbk2114/ethos-ares/.venv/lib/python3.12/site-packages/hydra/_internal/hydra.py", line 132, in run
[rank7]:     _ = ret.return_value
[rank7]:         ^^^^^^^^^^^^^^^^
[rank7]:   File "/groups/mm6677_gp/gbk2114/ethos-ares/.venv/lib/python3.12/site-packages/hydra/core/utils.py", line 260, in return_value
[rank7]:     raise self._return_value
[rank7]:   File "/groups/mm6677_gp/gbk2114/ethos-ares/.venv/lib/python3.12/site-packages/hydra/core/utils.py", line 186, in run_job
[rank7]:     ret.return_value = task_function(task_cfg)
[rank7]:                        ^^^^^^^^^^^^^^^^^^^^^^^
[rank7]:   File "/groups/mm6677_gp/gbk2114/ethos-ares/src/ethos/train/run_training.py", line 191, in main
[rank2]: Traceback (most recent call last):
[rank2]:   File "/groups/mm6677_gp/gbk2114/ethos-ares/.venv/bin/ethos_train", line 10, in <module>
[rank2]:     sys.exit(main())
[rank2]:              ^^^^^^
[rank2]:   File "/groups/mm6677_gp/gbk2114/ethos-ares/.venv/lib/python3.12/site-packages/hydra/main.py", line 94, in decorated_main
[rank2]:     _run_hydra(
[rank2]:   File "/groups/mm6677_gp/gbk2114/ethos-ares/.venv/lib/python3.12/site-packages/hydra/_internal/utils.py", line 394, in _run_hydra
[rank2]:     _run_app(
[rank2]:   File "/groups/mm6677_gp/gbk2114/ethos-ares/.venv/lib/python3.12/site-packages/hydra/_internal/utils.py", line 457, in _run_app
[rank2]:     run_and_report(
[rank2]:   File "/groups/mm6677_gp/gbk2114/ethos-ares/.venv/lib/python3.12/site-packages/hydra/_internal/utils.py", line 223, in run_and_report
[rank2]:     raise ex
[rank2]:   File "/groups/mm6677_gp/gbk2114/ethos-ares/.venv/lib/python3.12/site-packages/hydra/_internal/utils.py", line 220, in run_and_report
[rank7]:     raw_model = DDP(raw_model, device_ids=[ddp_local_rank])
[rank7]:                 ^^^^^^^^^^^^^^^^^^^^^^^^^^^^^^^^^^^^^^^^^^^
[rank7]:   File "/groups/mm6677_gp/gbk2114/ethos-ares/.venv/lib/python3.12/site-packages/torch/nn/parallel/distributed.py", line 835, in __init__
[rank7]:     _verify_param_shape_across_processes(self.process_group, parameters)
[rank7]:   File "/groups/mm6677_gp/gbk2114/ethos-ares/.venv/lib/python3.12/site-packages/torch/distributed/utils.py", line 282, in _verify_param_shape_across_processes
[rank7]:     return dist._verify_params_across_processes(process_group, tensors, logger)
[rank7]:            ^^^^^^^^^^^^^^^^^^^^^^^^^^^^^^^^^^^^^^^^^^^^^^^^^^^^^^^^^^^^^^^^^^^^
[rank7]: RuntimeError: DDP expects same model across all ranks, but Rank 7 has 39 params, while rank 0 has inconsistent 0 params.
[rank2]:     return func()
[rank2]:            ^^^^^^
[rank2]:   File "/groups/mm6677_gp/gbk2114/ethos-ares/.venv/lib/python3.12/site-packages/hydra/_internal/utils.py", line 458, in <lambda>
[rank2]:     lambda: hydra.run(
[rank2]:             ^^^^^^^^^^
[rank2]:   File "/groups/mm6677_gp/gbk2114/ethos-ares/.venv/lib/python3.12/site-packages/hydra/_internal/hydra.py", line 132, in run
[rank2]:     _ = ret.return_value
[rank2]:         ^^^^^^^^^^^^^^^^
[rank2]:   File "/groups/mm6677_gp/gbk2114/ethos-ares/.venv/lib/python3.12/site-packages/hydra/core/utils.py", line 260, in return_value
[rank2]:     raise self._return_value
[rank2]:   File "/groups/mm6677_gp/gbk2114/ethos-ares/.venv/lib/python3.12/site-packages/hydra/core/utils.py", line 186, in run_job
[rank2]:     ret.return_value = task_function(task_cfg)
[rank2]:                        ^^^^^^^^^^^^^^^^^^^^^^^
[rank2]:   File "/groups/mm6677_gp/gbk2114/ethos-ares/src/ethos/train/run_training.py", line 191, in main
[rank6]: Traceback (most recent call last):
[rank6]:   File "/groups/mm6677_gp/gbk2114/ethos-ares/.venv/bin/ethos_train", line 10, in <module>
[rank6]:     sys.exit(main())
[rank6]:              ^^^^^^
[rank6]:   File "/groups/mm6677_gp/gbk2114/ethos-ares/.venv/lib/python3.12/site-packages/hydra/main.py", line 94, in decorated_main
[rank6]:     _run_hydra(
[rank6]:   File "/groups/mm6677_gp/gbk2114/ethos-ares/.venv/lib/python3.12/site-packages/hydra/_internal/utils.py", line 394, in _run_hydra
[rank6]:     _run_app(
[rank6]:   File "/groups/mm6677_gp/gbk2114/ethos-ares/.venv/lib/python3.12/site-packages/hydra/_internal/utils.py", line 457, in _run_app
[rank6]:     run_and_report(
[rank6]:   File "/groups/mm6677_gp/gbk2114/ethos-ares/.venv/lib/python3.12/site-packages/hydra/_internal/utils.py", line 223, in run_and_report
[rank6]:     raise ex
[rank6]:   File "/groups/mm6677_gp/gbk2114/ethos-ares/.venv/lib/python3.12/site-packages/hydra/_internal/utils.py", line 220, in run_and_report
[rank2]:     raw_model = DDP(raw_model, device_ids=[ddp_local_rank])
[rank2]:                 ^^^^^^^^^^^^^^^^^^^^^^^^^^^^^^^^^^^^^^^^^^^
[rank2]:   File "/groups/mm6677_gp/gbk2114/ethos-ares/.venv/lib/python3.12/site-packages/torch/nn/parallel/distributed.py", line 835, in __init__
[rank2]:     _verify_param_shape_across_processes(self.process_group, parameters)
[rank2]:   File "/groups/mm6677_gp/gbk2114/ethos-ares/.venv/lib/python3.12/site-packages/torch/distributed/utils.py", line 282, in _verify_param_shape_across_processes
[rank2]:     return dist._verify_params_across_processes(process_group, tensors, logger)
[rank2]:            ^^^^^^^^^^^^^^^^^^^^^^^^^^^^^^^^^^^^^^^^^^^^^^^^^^^^^^^^^^^^^^^^^^^^
[rank2]: RuntimeError: DDP expects same model across all ranks, but Rank 2 has 39 params, while rank 0 has inconsistent 0 params.
[rank6]:     return func()
[rank6]:            ^^^^^^
[rank6]:   File "/groups/mm6677_gp/gbk2114/ethos-ares/.venv/lib/python3.12/site-packages/hydra/_internal/utils.py", line 458, in <lambda>
[rank6]:     lambda: hydra.run(
[rank6]:             ^^^^^^^^^^
[rank6]:   File "/groups/mm6677_gp/gbk2114/ethos-ares/.venv/lib/python3.12/site-packages/hydra/_internal/hydra.py", line 132, in run
[rank6]:     _ = ret.return_value
[rank6]:         ^^^^^^^^^^^^^^^^
[rank6]:   File "/groups/mm6677_gp/gbk2114/ethos-ares/.venv/lib/python3.12/site-packages/hydra/core/utils.py", line 260, in return_value
[rank6]:     raise self._return_value
[rank6]:   File "/groups/mm6677_gp/gbk2114/ethos-ares/.venv/lib/python3.12/site-packages/hydra/core/utils.py", line 186, in run_job
[rank6]:     ret.return_value = task_function(task_cfg)
[rank6]:                        ^^^^^^^^^^^^^^^^^^^^^^^
[rank6]:   File "/groups/mm6677_gp/gbk2114/ethos-ares/src/ethos/train/run_training.py", line 191, in main
[rank6]:     raw_model = DDP(raw_model, device_ids=[ddp_local_rank])
[rank6]:                 ^^^^^^^^^^^^^^^^^^^^^^^^^^^^^^^^^^^^^^^^^^^
[rank6]:   File "/groups/mm6677_gp/gbk2114/ethos-ares/.venv/lib/python3.12/site-packages/torch/nn/parallel/distributed.py", line 835, in __init__
[rank6]:     _verify_param_shape_across_processes(self.process_group, parameters)
[rank6]:   File "/groups/mm6677_gp/gbk2114/ethos-ares/.venv/lib/python3.12/site-packages/torch/distributed/utils.py", line 282, in _verify_param_shape_across_processes
[rank6]:     return dist._verify_params_across_processes(process_group, tensors, logger)
[rank6]:            ^^^^^^^^^^^^^^^^^^^^^^^^^^^^^^^^^^^^^^^^^^^^^^^^^^^^^^^^^^^^^^^^^^^^
[rank6]: RuntimeError: DDP expects same model across all ranks, but Rank 6 has 39 params, while rank 0 has inconsistent 0 params.
[rank4]:[E313 21:43:25.260708570 ProcessGroupNCCL.cpp:1746] [PG ID 0 PG GUID 0(default_pg) Rank 4] Received a dump signal due to a collective timeout from this local rank and we will try our best to dump the debug info. Last enqueued NCCL work: 1, last completed NCCL work: -1.This is most likely caused by incorrect usages of collectives, e.g., wrong sizes used across ranks, the order of collectives is not same for all ranks or the scheduled collective, for some reason, didn't run. Additionally, this can be caused by GIL deadlock or other reasons such as network errors or bugs in the communications library (e.g. NCCL), etc. 
[rank5]:[E313 21:43:25.260754020 ProcessGroupNCCL.cpp:1746] [PG ID 0 PG GUID 0(default_pg) Rank 5] Received a dump signal due to a collective timeout from this local rank and we will try our best to dump the debug info. Last enqueued NCCL work: 1, last completed NCCL work: -1.This is most likely caused by incorrect usages of collectives, e.g., wrong sizes used across ranks, the order of collectives is not same for all ranks or the scheduled collective, for some reason, didn't run. Additionally, this can be caused by GIL deadlock or other reasons such as network errors or bugs in the communications library (e.g. NCCL), etc. 
[rank4]:[E313 21:43:25.264958662 ProcessGroupNCCL.cpp:1536] [PG ID 0 PG GUID 0(default_pg) Rank 4] ProcessGroupNCCL preparing to dump debug info. Include stack trace: 1
[rank5]:[E313 21:43:25.269755400 ProcessGroupNCCL.cpp:1536] [PG ID 0 PG GUID 0(default_pg) Rank 5] ProcessGroupNCCL preparing to dump debug info. Include stack trace: 1
c0105:4176072:4176402 [0] NCCL INFO comm 0xfbf0570 rank 0 nranks 8 cudaDev 0 busId 21000 - Abort COMPLETE
c0105:4176073:4176126 [1] NCCL INFO misc/socket.cc:881 -> 3
c0105:4176073:4176404 [1] NCCL INFO comm 0x11ee8320 rank 1 nranks 8 cudaDev 1 busId e1000 - Abort COMPLETE
[rank1]:[E313 21:43:25.247009214 ProcessGroupNCCL.cpp:684] [Rank 1] Some NCCL operations have failed or timed out. Due to the asynchronous nature of CUDA kernels, subsequent GPU operations might run on corrupted/incomplete data.
[rank1]:[E313 21:43:25.247025484 ProcessGroupNCCL.cpp:698] [Rank 1] To avoid data inconsistency, we are taking the entire process down.
[rank0]:[E313 21:43:25.246832583 ProcessGroupNCCL.cpp:684] [Rank 0] Some NCCL operations have failed or timed out. Due to the asynchronous nature of CUDA kernels, subsequent GPU operations might run on corrupted/incomplete data.
[rank0]:[E313 21:43:25.247073245 ProcessGroupNCCL.cpp:698] [Rank 0] To avoid data inconsistency, we are taking the entire process down.
[rank1]:[E313 21:43:25.247987949 ProcessGroupNCCL.cpp:1899] [PG ID 0 PG GUID 0(default_pg) Rank 1] Process group watchdog thread terminated with exception: [Rank 1] Watchdog caught collective operation timeout: WorkNCCL(SeqNum=1, OpType=ALLGATHER, NumelIn=1, NumelOut=8, Timeout(ms)=600000) ran for 600020 milliseconds before timing out.
Exception raised from checkTimeout at /pytorch/torch/csrc/distributed/c10d/ProcessGroupNCCL.cpp:635 (most recent call first):
frame #0: c10::Error::Error(c10::SourceLocation, std::__cxx11::basic_string<char, std::char_traits<char>, std::allocator<char> >) + 0x98 (0x7fd70b8d75e8 in /groups/mm6677_gp/gbk2114/ethos-ares/.venv/lib/python3.12/site-packages/torch/lib/libc10.so)
frame #1: c10d::ProcessGroupNCCL::WorkNCCL::checkTimeout(std::optional<std::chrono::duration<long, std::ratio<1l, 1000l> > >) + 0x23d (0x7fd70cbf2a6d in /groups/mm6677_gp/gbk2114/ethos-ares/.venv/lib/python3.12/site-packages/torch/lib/libtorch_cuda.so)
frame #2: c10d::ProcessGroupNCCL::watchdogHandler() + 0xc80 (0x7fd70cbf47f0 in /groups/mm6677_gp/gbk2114/ethos-ares/.venv/lib/python3.12/site-packages/torch/lib/libtorch_cuda.so)
frame #3: c10d::ProcessGroupNCCL::ncclCommWatchdog() + 0x14d (0x7fd70cbf5efd in /groups/mm6677_gp/gbk2114/ethos-ares/.venv/lib/python3.12/site-packages/torch/lib/libtorch_cuda.so)
frame #4: <unknown function> + 0xe8743 (0x7fd6fcb77743 in /opt/ohpc/pub/compiler/gcc/13.2.0/lib64/libstdc++.so.6)
frame #5: <unknown function> + 0x8b2ea (0x7fd762d8b2ea in /lib64/libc.so.6)
frame #6: <unknown function> + 0x1103d0 (0x7fd762e103d0 in /lib64/libc.so.6)

terminate called after throwing an instance of 'c10::DistBackendError'
[rank0]:[E313 21:43:25.248233681 ProcessGroupNCCL.cpp:1899] [PG ID 0 PG GUID 0(default_pg) Rank 0] Process group watchdog thread terminated with exception: [Rank 0] Watchdog caught collective operation timeout: WorkNCCL(SeqNum=1, OpType=ALLGATHER, NumelIn=1, NumelOut=8, Timeout(ms)=600000) ran for 600041 milliseconds before timing out.
Exception raised from checkTimeout at /pytorch/torch/csrc/distributed/c10d/ProcessGroupNCCL.cpp:635 (most recent call first):
frame #0: c10::Error::Error(c10::SourceLocation, std::__cxx11::basic_string<char, std::char_traits<char>, std::allocator<char> >) + 0x98 (0x7fafc43ce5e8 in /groups/mm6677_gp/gbk2114/ethos-ares/.venv/lib/python3.12/site-packages/torch/lib/libc10.so)
frame #1: c10d::ProcessGroupNCCL::WorkNCCL::checkTimeout(std::optional<std::chrono::duration<long, std::ratio<1l, 1000l> > >) + 0x23d (0x7fafc56e9a6d in /groups/mm6677_gp/gbk2114/ethos-ares/.venv/lib/python3.12/site-packages/torch/lib/libtorch_cuda.so)
frame #2: c10d::ProcessGroupNCCL::watchdogHandler() + 0xc80 (0x7fafc56eb7f0 in /groups/mm6677_gp/gbk2114/ethos-ares/.venv/lib/python3.12/site-packages/torch/lib/libtorch_cuda.so)
frame #3: c10d::ProcessGroupNCCL::ncclCommWatchdog() + 0x14d (0x7fafc56ecefd in /groups/mm6677_gp/gbk2114/ethos-ares/.venv/lib/python3.12/site-packages/torch/lib/libtorch_cuda.so)
frame #4: <unknown function> + 0xe8743 (0x7fafb566e743 in /opt/ohpc/pub/compiler/gcc/13.2.0/lib64/libstdc++.so.6)
frame #5: <unknown function> + 0x8b2ea (0x7fb01b7712ea in /lib64/libc.so.6)
frame #6: <unknown function> + 0x1103d0 (0x7fb01b7f63d0 in /lib64/libc.so.6)

terminate called after throwing an instance of 'c10::DistBackendError'
  what():  [PG ID 0 PG GUID 0(default_pg) Rank 1] Process group watchdog thread terminated with exception: [Rank 1] Watchdog caught collective operation timeout: WorkNCCL(SeqNum=1, OpType=ALLGATHER, NumelIn=1, NumelOut=8, Timeout(ms)=600000) ran for 600020 milliseconds before timing out.
Exception raised from checkTimeout at /pytorch/torch/csrc/distributed/c10d/ProcessGroupNCCL.cpp:635 (most recent call first):
frame #0: c10::Error::Error(c10::SourceLocation, std::__cxx11::basic_string<char, std::char_traits<char>, std::allocator<char> >) + 0x98 (0x7fd70b8d75e8 in /groups/mm6677_gp/gbk2114/ethos-ares/.venv/lib/python3.12/site-packages/torch/lib/libc10.so)
frame #1: c10d::ProcessGroupNCCL::WorkNCCL::checkTimeout(std::optional<std::chrono::duration<long, std::ratio<1l, 1000l> > >) + 0x23d (0x7fd70cbf2a6d in /groups/mm6677_gp/gbk2114/ethos-ares/.venv/lib/python3.12/site-packages/torch/lib/libtorch_cuda.so)
frame #2: c10d::ProcessGroupNCCL::watchdogHandler() + 0xc80 (0x7fd70cbf47f0 in /groups/mm6677_gp/gbk2114/ethos-ares/.venv/lib/python3.12/site-packages/torch/lib/libtorch_cuda.so)
frame #3: c10d::ProcessGroupNCCL::ncclCommWatchdog() + 0x14d (0x7fd70cbf5efd in /groups/mm6677_gp/gbk2114/ethos-ares/.venv/lib/python3.12/site-packages/torch/lib/libtorch_cuda.so)
frame #4: <unknown function> + 0xe8743 (0x7fd6fcb77743 in /opt/ohpc/pub/compiler/gcc/13.2.0/lib64/libstdc++.so.6)
frame #5: <unknown function> + 0x8b2ea (0x7fd762d8b2ea in /lib64/libc.so.6)
frame #6: <unknown function> + 0x1103d0 (0x7fd762e103d0 in /lib64/libc.so.6)

Exception raised from ncclCommWatchdog at /pytorch/torch/csrc/distributed/c10d/ProcessGroupNCCL.cpp:1905 (most recent call first):
frame #0: c10::Error::Error(c10::SourceLocation, std::__cxx11::basic_string<char, std::char_traits<char>, std::allocator<char> >) + 0x98 (0x7fd70b8d75e8 in /groups/mm6677_gp/gbk2114/ethos-ares/.venv/lib/python3.12/site-packages/torch/lib/libc10.so)
frame #1: <unknown function> + 0x11b4abe (0x7fd70cbc4abe in /groups/mm6677_gp/gbk2114/ethos-ares/.venv/lib/python3.12/site-packages/torch/lib/libtorch_cuda.so)
frame #2: <unknown function> + 0xe07bed (0x7fd70c817bed in /groups/mm6677_gp/gbk2114/ethos-ares/.venv/lib/python3.12/site-packages/torch/lib/libtorch_cuda.so)
frame #3: <unknown function> + 0xe8743 (0x7fd6fcb77743 in /opt/ohpc/pub/compiler/gcc/13.2.0/lib64/libstdc++.so.6)
frame #4: <unknown function> + 0x8b2ea (0x7fd762d8b2ea in /lib64/libc.so.6)
frame #5: <unknown function> + 0x1103d0 (0x7fd762e103d0 in /lib64/libc.so.6)

  what():  [PG ID 0 PG GUID 0(default_pg) Rank 0] Process group watchdog thread terminated with exception: [Rank 0] Watchdog caught collective operation timeout: WorkNCCL(SeqNum=1, OpType=ALLGATHER, NumelIn=1, NumelOut=8, Timeout(ms)=600000) ran for 600041 milliseconds before timing out.
Exception raised from checkTimeout at /pytorch/torch/csrc/distributed/c10d/ProcessGroupNCCL.cpp:635 (most recent call first):
frame #0: c10::Error::Error(c10::SourceLocation, std::__cxx11::basic_string<char, std::char_traits<char>, std::allocator<char> >) + 0x98 (0x7fafc43ce5e8 in /groups/mm6677_gp/gbk2114/ethos-ares/.venv/lib/python3.12/site-packages/torch/lib/libc10.so)
frame #1: c10d::ProcessGroupNCCL::WorkNCCL::checkTimeout(std::optional<std::chrono::duration<long, std::ratio<1l, 1000l> > >) + 0x23d (0x7fafc56e9a6d in /groups/mm6677_gp/gbk2114/ethos-ares/.venv/lib/python3.12/site-packages/torch/lib/libtorch_cuda.so)
frame #2: c10d::ProcessGroupNCCL::watchdogHandler() + 0xc80 (0x7fafc56eb7f0 in /groups/mm6677_gp/gbk2114/ethos-ares/.venv/lib/python3.12/site-packages/torch/lib/libtorch_cuda.so)
frame #3: c10d::ProcessGroupNCCL::ncclCommWatchdog() + 0x14d (0x7fafc56ecefd in /groups/mm6677_gp/gbk2114/ethos-ares/.venv/lib/python3.12/site-packages/torch/lib/libtorch_cuda.so)
frame #4: <unknown function> + 0xe8743 (0x7fafb566e743 in /opt/ohpc/pub/compiler/gcc/13.2.0/lib64/libstdc++.so.6)
frame #5: <unknown function> + 0x8b2ea (0x7fb01b7712ea in /lib64/libc.so.6)
frame #6: <unknown function> + 0x1103d0 (0x7fb01b7f63d0 in /lib64/libc.so.6)

Exception raised from ncclCommWatchdog at /pytorch/torch/csrc/distributed/c10d/ProcessGroupNCCL.cpp:1905 (most recent call first):
frame #0: c10::Error::Error(c10::SourceLocation, std::__cxx11::basic_string<char, std::char_traits<char>, std::allocator<char> >) + 0x98 (0x7fafc43ce5e8 in /groups/mm6677_gp/gbk2114/ethos-ares/.venv/lib/python3.12/site-packages/torch/lib/libc10.so)
frame #1: <unknown function> + 0x11b4abe (0x7fafc56bbabe in /groups/mm6677_gp/gbk2114/ethos-ares/.venv/lib/python3.12/site-packages/torch/lib/libtorch_cuda.so)
frame #2: <unknown function> + 0xe07bed (0x7fafc530ebed in /groups/mm6677_gp/gbk2114/ethos-ares/.venv/lib/python3.12/site-packages/torch/lib/libtorch_cuda.so)
frame #3: <unknown function> + 0xe8743 (0x7fafb566e743 in /opt/ohpc/pub/compiler/gcc/13.2.0/lib64/libstdc++.so.6)
frame #4: <unknown function> + 0x8b2ea (0x7fb01b7712ea in /lib64/libc.so.6)
frame #5: <unknown function> + 0x1103d0 (0x7fb01b7f63d0 in /lib64/libc.so.6)

c0106:734345:734402 [1] NCCL INFO misc/socket.cc:881 -> 3
c0106:734345:734677 [1] NCCL INFO comm 0xe280780 rank 3 nranks 8 cudaDev 1 busId e1000 - Abort COMPLETE
[rank3]:[E313 21:43:25.311493846 ProcessGroupNCCL.cpp:684] [Rank 3] Some NCCL operations have failed or timed out. Due to the asynchronous nature of CUDA kernels, subsequent GPU operations might run on corrupted/incomplete data.
c0107:3817142:3817512 [0] NCCL INFO misc/socket.cc:64 -> 3
c0107:3817142:3817512 [0] NCCL INFO misc/socket.cc:80 -> 3
c0107:3817142:3817512 [0] NCCL INFO misc/socket.cc:829 -> 3
c0107:3817142:3817197 [0] NCCL INFO misc/socket.cc:881 -> 3
c0107:3817142:3817512 [0] NCCL INFO misc/socket.cc:64 -> 3
c0107:3817142:3817512 [0] NCCL INFO misc/socket.cc:80 -> 3
c0107:3817142:3817512 [0] NCCL INFO misc/socket.cc:829 -> 3
Error executing job with overrides: ['data_fp=/users/gbk2114/data/ethos-tokenize/train', 'out_dir=/users/gbk2114/data/ethos-tokenize/models']
[rank3]:[E313 21:43:25.311619947 ProcessGroupNCCL.cpp:698] [Rank 3] To avoid data inconsistency, we are taking the entire process down.
[rank3]:[E313 21:43:25.312620294 ProcessGroupNCCL.cpp:1899] [PG ID 0 PG GUID 0(default_pg) Rank 3] Process group watchdog thread terminated with exception: [Rank 3] Watchdog caught collective operation timeout: WorkNCCL(SeqNum=1, OpType=ALLGATHER, NumelIn=1, NumelOut=8, Timeout(ms)=600000) ran for 600097 milliseconds before timing out.
Exception raised from checkTimeout at /pytorch/torch/csrc/distributed/c10d/ProcessGroupNCCL.cpp:635 (most recent call first):
frame #0: c10::Error::Error(c10::SourceLocation, std::__cxx11::basic_string<char, std::char_traits<char>, std::allocator<char> >) + 0x98 (0x7f1ecbdfb5e8 in /groups/mm6677_gp/gbk2114/ethos-ares/.venv/lib/python3.12/site-packages/torch/lib/libc10.so)
frame #1: c10d::ProcessGroupNCCL::WorkNCCL::checkTimeout(std::optional<std::chrono::duration<long, std::ratio<1l, 1000l> > >) + 0x23d (0x7f1ecd116a6d in /groups/mm6677_gp/gbk2114/ethos-ares/.venv/lib/python3.12/site-packages/torch/lib/libtorch_cuda.so)
frame #2: c10d::ProcessGroupNCCL::watchdogHandler() + 0xc80 (0x7f1ecd1187f0 in /groups/mm6677_gp/gbk2114/ethos-ares/.venv/lib/python3.12/site-packages/torch/lib/libtorch_cuda.so)
frame #3: c10d::ProcessGroupNCCL::ncclCommWatchdog() + 0x14d (0x7f1ecd119efd in /groups/mm6677_gp/gbk2114/ethos-ares/.venv/lib/python3.12/site-packages/torch/lib/libtorch_cuda.so)
frame #4: <unknown function> + 0xe8743 (0x7f1ebd09b743 in /opt/ohpc/pub/compiler/gcc/13.2.0/lib64/libstdc++.so.6)
frame #5: <unknown function> + 0x8b2ea (0x7f1f232af2ea in /lib64/libc.so.6)
frame #6: <unknown function> + 0x1103d0 (0x7f1f233343d0 in /lib64/libc.so.6)

terminate called after throwing an instance of 'c10::DistBackendError'
  what():  [PG ID 0 PG GUID 0(default_pg) Rank 3] Process group watchdog thread terminated with exception: [Rank 3] Watchdog caught collective operation timeout: WorkNCCL(SeqNum=1, OpType=ALLGATHER, NumelIn=1, NumelOut=8, Timeout(ms)=600000) ran for 600097 milliseconds before timing out.
Exception raised from checkTimeout at /pytorch/torch/csrc/distributed/c10d/ProcessGroupNCCL.cpp:635 (most recent call first):
frame #0: c10::Error::Error(c10::SourceLocation, std::__cxx11::basic_string<char, std::char_traits<char>, std::allocator<char> >) + 0x98 (0x7f1ecbdfb5e8 in /groups/mm6677_gp/gbk2114/ethos-ares/.venv/lib/python3.12/site-packages/torch/lib/libc10.so)
frame #1: c10d::ProcessGroupNCCL::WorkNCCL::checkTimeout(std::optional<std::chrono::duration<long, std::ratio<1l, 1000l> > >) + 0x23d (0x7f1ecd116a6d in /groups/mm6677_gp/gbk2114/ethos-ares/.venv/lib/python3.12/site-packages/torch/lib/libtorch_cuda.so)
frame #2: c10d::ProcessGroupNCCL::watchdogHandler() + 0xc80 (0x7f1ecd1187f0 in /groups/mm6677_gp/gbk2114/ethos-ares/.venv/lib/python3.12/site-packages/torch/lib/libtorch_cuda.so)
frame #3: c10d::ProcessGroupNCCL::ncclCommWatchdog() + 0x14d (0x7f1ecd119efd in /groups/mm6677_gp/gbk2114/ethos-ares/.venv/lib/python3.12/site-packages/torch/lib/libtorch_cuda.so)
frame #4: <unknown function> + 0xe8743 (0x7f1ebd09b743 in /opt/ohpc/pub/compiler/gcc/13.2.0/lib64/libstdc++.so.6)
frame #5: <unknown function> + 0x8b2ea (0x7f1f232af2ea in /lib64/libc.so.6)
frame #6: <unknown function> + 0x1103d0 (0x7f1f233343d0 in /lib64/libc.so.6)

Exception raised from ncclCommWatchdog at /pytorch/torch/csrc/distributed/c10d/ProcessGroupNCCL.cpp:1905 (most recent call first):
frame #0: c10::Error::Error(c10::SourceLocation, std::__cxx11::basic_string<char, std::char_traits<char>, std::allocator<char> >) + 0x98 (0x7f1ecbdfb5e8 in /groups/mm6677_gp/gbk2114/ethos-ares/.venv/lib/python3.12/site-packages/torch/lib/libc10.so)
frame #1: <unknown function> + 0x11b4abe (0x7f1ecd0e8abe in /groups/mm6677_gp/gbk2114/ethos-ares/.venv/lib/python3.12/site-packages/torch/lib/libtorch_cuda.so)
frame #2: <unknown function> + 0xe07bed (0x7f1eccd3bbed in /groups/mm6677_gp/gbk2114/ethos-ares/.venv/lib/python3.12/site-packages/torch/lib/libtorch_cuda.so)
frame #3: <unknown function> + 0xe8743 (0x7f1ebd09b743 in /opt/ohpc/pub/compiler/gcc/13.2.0/lib64/libstdc++.so.6)
frame #4: <unknown function> + 0x8b2ea (0x7f1f232af2ea in /lib64/libc.so.6)
frame #5: <unknown function> + 0x1103d0 (0x7f1f233343d0 in /lib64/libc.so.6)
c0201:3704021:3704073 [0] NCCL INFO misc/socket.cc:881 -> 3
c0201:3704021:3704350 [0] NCCL INFO comm 0x104e0c60 rank 6 nranks 8 cudaDev 0 busId 21000 - Abort COMPLETE

[rank6]:[E313 21:43:25.121458708 ProcessGroupNCCL.cpp:684] [Rank 6] Some NCCL operations have failed or timed out. Due to the asynchronous nature of CUDA kernels, subsequent GPU operations might run on corrupted/incomplete data.
[rank6]:[E313 21:43:25.121583489 ProcessGroupNCCL.cpp:698] [Rank 6] To avoid data inconsistency, we are taking the entire process down.
[rank6]:[E313 21:43:25.122551868 ProcessGroupNCCL.cpp:1899] [PG ID 0 PG GUID 0(default_pg) Rank 6] Process group watchdog thread terminated with exception: [Rank 6] Watchdog caught collective operation timeout: WorkNCCL(SeqNum=1, OpType=ALLGATHER, NumelIn=1, NumelOut=8, Timeout(ms)=600000) ran for 600094 milliseconds before timing out.
Exception raised from checkTimeout at /pytorch/torch/csrc/distributed/c10d/ProcessGroupNCCL.cpp:635 (most recent call first):
frame #0: c10::Error::Error(c10::SourceLocation, std::__cxx11::basic_string<char, std::char_traits<char>, std::allocator<char> >) + 0x98 (0x7f9aa65d35e8 in /groups/mm6677_gp/gbk2114/ethos-ares/.venv/lib/python3.12/site-packages/torch/lib/libc10.so)
frame #1: c10d::ProcessGroupNCCL::WorkNCCL::checkTimeout(std::optional<std::chrono::duration<long, std::ratio<1l, 1000l> > >) + 0x23d (0x7f9aa78eea6d in /groups/mm6677_gp/gbk2114/ethos-ares/.venv/lib/python3.12/site-packages/torch/lib/libtorch_cuda.so)
frame #2: c10d::ProcessGroupNCCL::watchdogHandler() + 0xc80 (0x7f9aa78f07f0 in /groups/mm6677_gp/gbk2114/ethos-ares/.venv/lib/python3.12/site-packages/torch/lib/libtorch_cuda.so)
frame #3: c10d::ProcessGroupNCCL::ncclCommWatchdog() + 0x14d (0x7f9aa78f1efd in /groups/mm6677_gp/gbk2114/ethos-ares/.venv/lib/python3.12/site-packages/torch/lib/libtorch_cuda.so)
frame #4: <unknown function> + 0xe8743 (0x7f9a97873743 in /opt/ohpc/pub/compiler/gcc/13.2.0/lib64/libstdc++.so.6)
frame #5: <unknown function> + 0x8b2ea (0x7f9afda762ea in /lib64/libc.so.6)
frame #6: <unknown function> + 0x1103d0 (0x7f9afdafb3d0 in /lib64/libc.so.6)

terminate called after throwing an instance of 'c10::DistBackendError'
  what():  [PG ID 0 PG GUID 0(default_pg) Rank 6] Process group watchdog thread terminated with exception: [Rank 6] Watchdog caught collective operation timeout: WorkNCCL(SeqNum=1, OpType=ALLGATHER, NumelIn=1, NumelOut=8, Timeout(ms)=600000) ran for 600094 milliseconds before timing out.
Exception raised from checkTimeout at /pytorch/torch/csrc/distributed/c10d/ProcessGroupNCCL.cpp:635 (most recent call first):
frame #0: c10::Error::Error(c10::SourceLocation, std::__cxx11::basic_string<char, std::char_traits<char>, std::allocator<char> >) + 0x98 (0x7f9aa65d35e8 in /groups/mm6677_gp/gbk2114/ethos-ares/.venv/lib/python3.12/site-packages/torch/lib/libc10.so)
frame #1: c10d::ProcessGroupNCCL::WorkNCCL::checkTimeout(std::optional<std::chrono::duration<long, std::ratio<1l, 1000l> > >) + 0x23d (0x7f9aa78eea6d in /groups/mm6677_gp/gbk2114/ethos-ares/.venv/lib/python3.12/site-packages/torch/lib/libtorch_cuda.so)
frame #2: c10d::ProcessGroupNCCL::watchdogHandler() + 0xc80 (0x7f9aa78f07f0 in /groups/mm6677_gp/gbk2114/ethos-ares/.venv/lib/python3.12/site-packages/torch/lib/libtorch_cuda.so)
frame #3: c10d::ProcessGroupNCCL::ncclCommWatchdog() + 0x14d (0x7f9aa78f1efd in /groups/mm6677_gp/gbk2114/ethos-ares/.venv/lib/python3.12/site-packages/torch/lib/libtorch_cuda.so)
frame #4: <unknown function> + 0xe8743 (0x7f9a97873743 in /opt/ohpc/pub/compiler/gcc/13.2.0/lib64/libstdc++.so.6)
frame #5: <unknown function> + 0x8b2ea (0x7f9afda762ea in /lib64/libc.so.6)
frame #6: <unknown function> + 0x1103d0 (0x7f9afdafb3d0 in /lib64/libc.so.6)

Exception raised from ncclCommWatchdog at /pytorch/torch/csrc/distributed/c10d/ProcessGroupNCCL.cpp:1905 (most recent call first):
frame #0: c10::Error::Error(c10::SourceLocation, std::__cxx11::basic_string<char, std::char_traits<char>, std::allocator<char> >) + 0x98 (0x7f9aa65d35e8 in /groups/mm6677_gp/gbk2114/ethos-ares/.venv/lib/python3.12/site-packages/torch/lib/libc10.so)
frame #1: <unknown function> + 0x11b4abe (0x7f9aa78c0abe in /groups/mm6677_gp/gbk2114/ethos-ares/.venv/lib/python3.12/site-packages/torch/lib/libtorch_cuda.so)
frame #2: <unknown function> + 0xe07bed (0x7f9aa7513bed in /groups/mm6677_gp/gbk2114/ethos-ares/.venv/lib/python3.12/site-packages/torch/lib/libtorch_cuda.so)
frame #3: <unknown function> + 0xe8743 (0x7f9a97873743 in /opt/ohpc/pub/compiler/gcc/13.2.0/lib64/libstdc++.so.6)
frame #4: <unknown function> + 0x8b2ea (0x7f9afda762ea in /lib64/libc.so.6)
frame #5: <unknown function> + 0x1103d0 (0x7f9afdafb3d0 in /lib64/libc.so.6)

Error executing job with overrides: ['data_fp=/users/gbk2114/data/ethos-tokenize/train', 'out_dir=/users/gbk2114/data/ethos-tokenize/models']
c0107:3817143:3817196 [1] NCCL INFO misc/socket.cc:881 -> 3
[rank4]: Traceback (most recent call last):
[rank4]:   File "/groups/mm6677_gp/gbk2114/ethos-ares/.venv/bin/ethos_train", line 10, in <module>
[rank4]:     sys.exit(main())
[rank4]:              ^^^^^^
[rank4]:   File "/groups/mm6677_gp/gbk2114/ethos-ares/.venv/lib/python3.12/site-packages/hydra/main.py", line 94, in decorated_main
[rank4]:     _run_hydra(
[rank4]:   File "/groups/mm6677_gp/gbk2114/ethos-ares/.venv/lib/python3.12/site-packages/hydra/_internal/utils.py", line 394, in _run_hydra
[rank4]:     _run_app(
[rank4]:   File "/groups/mm6677_gp/gbk2114/ethos-ares/.venv/lib/python3.12/site-packages/hydra/_internal/utils.py", line 457, in _run_app
[rank4]:     run_and_report(
[rank4]:   File "/groups/mm6677_gp/gbk2114/ethos-ares/.venv/lib/python3.12/site-packages/hydra/_internal/utils.py", line 223, in run_and_report
[rank4]:     raise ex
[rank4]:   File "/groups/mm6677_gp/gbk2114/ethos-ares/.venv/lib/python3.12/site-packages/hydra/_internal/utils.py", line 220, in run_and_report
[rank4]:     return func()
[rank4]:            ^^^^^^
[rank4]:   File "/groups/mm6677_gp/gbk2114/ethos-ares/.venv/lib/python3.12/site-packages/hydra/_internal/utils.py", line 458, in <lambda>
[rank4]:     lambda: hydra.run(
[rank4]:             ^^^^^^^^^^
[rank4]:   File "/groups/mm6677_gp/gbk2114/ethos-ares/.venv/lib/python3.12/site-packages/hydra/_internal/hydra.py", line 132, in run
[rank4]:     _ = ret.return_value
[rank4]:         ^^^^^^^^^^^^^^^^
[rank4]:   File "/groups/mm6677_gp/gbk2114/ethos-ares/.venv/lib/python3.12/site-packages/hydra/core/utils.py", line 260, in return_value
[rank4]:     raise self._return_value
[rank4]:   File "/groups/mm6677_gp/gbk2114/ethos-ares/.venv/lib/python3.12/site-packages/hydra/core/utils.py", line 186, in run_job
[rank4]:     ret.return_value = task_function(task_cfg)
[rank4]:                        ^^^^^^^^^^^^^^^^^^^^^^^
[rank4]:   File "/groups/mm6677_gp/gbk2114/ethos-ares/src/ethos/train/run_training.py", line 191, in main
[rank4]:     raw_model = DDP(raw_model, device_ids=[ddp_local_rank])
[rank4]:                 ^^^^^^^^^^^^^^^^^^^^^^^^^^^^^^^^^^^^^^^^^^^
[rank4]:   File "/groups/mm6677_gp/gbk2114/ethos-ares/.venv/lib/python3.12/site-packages/torch/nn/parallel/distributed.py", line 835, in __init__
[rank4]:     _verify_param_shape_across_processes(self.process_group, parameters)
[rank4]:   File "/groups/mm6677_gp/gbk2114/ethos-ares/.venv/lib/python3.12/site-packages/torch/distributed/utils.py", line 282, in _verify_param_shape_across_processes
[rank4]:     return dist._verify_params_across_processes(process_group, tensors, logger)
[rank4]:            ^^^^^^^^^^^^^^^^^^^^^^^^^^^^^^^^^^^^^^^^^^^^^^^^^^^^^^^^^^^^^^^^^^^^
[rank4]: RuntimeError: DDP expects same model across all ranks, but Rank 4 has 39 params, while rank 0 has inconsistent 0 params.
[rank5]: Traceback (most recent call last):
[rank5]:   File "/groups/mm6677_gp/gbk2114/ethos-ares/.venv/bin/ethos_train", line 10, in <module>
[rank5]:     sys.exit(main())
[rank5]:              ^^^^^^
[rank5]:   File "/groups/mm6677_gp/gbk2114/ethos-ares/.venv/lib/python3.12/site-packages/hydra/main.py", line 94, in decorated_main
[rank5]:     _run_hydra(
[rank5]:   File "/groups/mm6677_gp/gbk2114/ethos-ares/.venv/lib/python3.12/site-packages/hydra/_internal/utils.py", line 394, in _run_hydra
[rank5]:     _run_app(
[rank5]:   File "/groups/mm6677_gp/gbk2114/ethos-ares/.venv/lib/python3.12/site-packages/hydra/_internal/utils.py", line 457, in _run_app
[rank5]:     run_and_report(
[rank5]:   File "/groups/mm6677_gp/gbk2114/ethos-ares/.venv/lib/python3.12/site-packages/hydra/_internal/utils.py", line 223, in run_and_report
[rank5]:     raise ex
[rank5]:   File "/groups/mm6677_gp/gbk2114/ethos-ares/.venv/lib/python3.12/site-packages/hydra/_internal/utils.py", line 220, in run_and_report
[rank5]:     return func()
[rank5]:            ^^^^^^
[rank5]:   File "/groups/mm6677_gp/gbk2114/ethos-ares/.venv/lib/python3.12/site-packages/hydra/_internal/utils.py", line 458, in <lambda>
[rank5]:     lambda: hydra.run(
[rank5]:             ^^^^^^^^^^
[rank5]:   File "/groups/mm6677_gp/gbk2114/ethos-ares/.venv/lib/python3.12/site-packages/hydra/_internal/hydra.py", line 132, in run
[rank5]:     _ = ret.return_value
[rank5]:         ^^^^^^^^^^^^^^^^
[rank5]:   File "/groups/mm6677_gp/gbk2114/ethos-ares/.venv/lib/python3.12/site-packages/hydra/core/utils.py", line 260, in return_value
[rank5]:     raise self._return_value
[rank5]:   File "/groups/mm6677_gp/gbk2114/ethos-ares/.venv/lib/python3.12/site-packages/hydra/core/utils.py", line 186, in run_job
[rank5]:     ret.return_value = task_function(task_cfg)
[rank5]:                        ^^^^^^^^^^^^^^^^^^^^^^^
[rank5]:   File "/groups/mm6677_gp/gbk2114/ethos-ares/src/ethos/train/run_training.py", line 191, in main
[rank5]:     raw_model = DDP(raw_model, device_ids=[ddp_local_rank])
[rank5]:                 ^^^^^^^^^^^^^^^^^^^^^^^^^^^^^^^^^^^^^^^^^^^
[rank5]:   File "/groups/mm6677_gp/gbk2114/ethos-ares/.venv/lib/python3.12/site-packages/torch/nn/parallel/distributed.py", line 835, in __init__
[rank5]:     _verify_param_shape_across_processes(self.process_group, parameters)
[rank5]:   File "/groups/mm6677_gp/gbk2114/ethos-ares/.venv/lib/python3.12/site-packages/torch/distributed/utils.py", line 282, in _verify_param_shape_across_processes
[rank5]:     return dist._verify_params_across_processes(process_group, tensors, logger)
[rank5]:            ^^^^^^^^^^^^^^^^^^^^^^^^^^^^^^^^^^^^^^^^^^^^^^^^^^^^^^^^^^^^^^^^^^^^
[rank5]: RuntimeError: DDP expects same model across all ranks, but Rank 5 has 39 params, while rank 0 has inconsistent 0 params.
c0107:3817143:3817514 [1] NCCL INFO misc/socket.cc:64 -> 3
c0107:3817143:3817514 [1] NCCL INFO misc/socket.cc:80 -> 3
c0107:3817143:3817514 [1] NCCL INFO misc/socket.cc:829 -> 3
c0107:3817143:3817514 [1] NCCL INFO misc/socket.cc:64 -> 3
c0107:3817143:3817514 [1] NCCL INFO misc/socket.cc:80 -> 3
c0107:3817143:3817514 [1] NCCL INFO misc/socket.cc:829 -> 3
c0107:3817143:3817196 [1] NCCL INFO misc/socket.cc:881 -> 3
c0107:3817143:3817514 [1] NCCL INFO comm 0x102e3110 rank 5 nranks 8 cudaDev 1 busId e1000 - Abort COMPLETE
[rank5]:[E313 21:43:25.354085811 ProcessGroupNCCL.cpp:684] [Rank 5] Some NCCL operations have failed or timed out. Due to the asynchronous nature of CUDA kernels, subsequent GPU operations might run on corrupted/incomplete data.
[rank5]:[E313 21:43:25.354152032 ProcessGroupNCCL.cpp:698] [Rank 5] To avoid data inconsistency, we are taking the entire process down.
[rank5]:[E313 21:43:25.355102323 ProcessGroupNCCL.cpp:1899] [PG ID 0 PG GUID 0(default_pg) Rank 5] Process group watchdog thread terminated with exception: [Rank 5] Watchdog caught collective operation timeout: WorkNCCL(SeqNum=1, OpType=ALLGATHER, NumelIn=1, NumelOut=8, Timeout(ms)=600000) ran for 600021 milliseconds before timing out.
Exception raised from checkTimeout at /pytorch/torch/csrc/distributed/c10d/ProcessGroupNCCL.cpp:635 (most recent call first):
frame #0: c10::Error::Error(c10::SourceLocation, std::__cxx11::basic_string<char, std::char_traits<char>, std::allocator<char> >) + 0x98 (0x7f417f0ca5e8 in /groups/mm6677_gp/gbk2114/ethos-ares/.venv/lib/python3.12/site-packages/torch/lib/libc10.so)
frame #1: c10d::ProcessGroupNCCL::WorkNCCL::checkTimeout(std::optional<std::chrono::duration<long, std::ratio<1l, 1000l> > >) + 0x23d (0x7f41803e5a6d in /groups/mm6677_gp/gbk2114/ethos-ares/.venv/lib/python3.12/site-packages/torch/lib/libtorch_cuda.so)
frame #2: c10d::ProcessGroupNCCL::watchdogHandler() + 0xc80 (0x7f41803e77f0 in /groups/mm6677_gp/gbk2114/ethos-ares/.venv/lib/python3.12/site-packages/torch/lib/libtorch_cuda.so)
frame #3: c10d::ProcessGroupNCCL::ncclCommWatchdog() + 0x14d (0x7f41803e8efd in /groups/mm6677_gp/gbk2114/ethos-ares/.venv/lib/python3.12/site-packages/torch/lib/libtorch_cuda.so)
frame #4: <unknown function> + 0xe8743 (0x7f417036a743 in /opt/ohpc/pub/compiler/gcc/13.2.0/lib64/libstdc++.so.6)
frame #5: <unknown function> + 0x8b2ea (0x7f41d646d2ea in /lib64/libc.so.6)
frame #6: <unknown function> + 0x1103d0 (0x7f41d64f23d0 in /lib64/libc.so.6)

terminate called after throwing an instance of 'c10::DistBackendError'
  what():  [PG ID 0 PG GUID 0(default_pg) Rank 5] Process group watchdog thread terminated with exception: [Rank 5] Watchdog caught collective operation timeout: WorkNCCL(SeqNum=1, OpType=ALLGATHER, NumelIn=1, NumelOut=8, Timeout(ms)=600000) ran for 600021 milliseconds before timing out.
Exception raised from checkTimeout at /pytorch/torch/csrc/distributed/c10d/ProcessGroupNCCL.cpp:635 (most recent call first):
frame #0: c10::Error::Error(c10::SourceLocation, std::__cxx11::basic_string<char, std::char_traits<char>, std::allocator<char> >) + 0x98 (0x7f417f0ca5e8 in /groups/mm6677_gp/gbk2114/ethos-ares/.venv/lib/python3.12/site-packages/torch/lib/libc10.so)
frame #1: c10d::ProcessGroupNCCL::WorkNCCL::checkTimeout(std::optional<std::chrono::duration<long, std::ratio<1l, 1000l> > >) + 0x23d (0x7f41803e5a6d in /groups/mm6677_gp/gbk2114/ethos-ares/.venv/lib/python3.12/site-packages/torch/lib/libtorch_cuda.so)
frame #2: c10d::ProcessGroupNCCL::watchdogHandler() + 0xc80 (0x7f41803e77f0 in /groups/mm6677_gp/gbk2114/ethos-ares/.venv/lib/python3.12/site-packages/torch/lib/libtorch_cuda.so)
frame #3: c10d::ProcessGroupNCCL::ncclCommWatchdog() + 0x14d (0x7f41803e8efd in /groups/mm6677_gp/gbk2114/ethos-ares/.venv/lib/python3.12/site-packages/torch/lib/libtorch_cuda.so)
frame #4: <unknown function> + 0xe8743 (0x7f417036a743 in /opt/ohpc/pub/compiler/gcc/13.2.0/lib64/libstdc++.so.6)
frame #5: <unknown function> + 0x8b2ea (0x7f41d646d2ea in /lib64/libc.so.6)
frame #6: <unknown function> + 0x1103d0 (0x7f41d64f23d0 in /lib64/libc.so.6)

Exception raised from ncclCommWatchdog at /pytorch/torch/csrc/distributed/c10d/ProcessGroupNCCL.cpp:1905 (most recent call first):
frame #0: c10::Error::Error(c10::SourceLocation, std::__cxx11::basic_string<char, std::char_traits<char>, std::allocator<char> >) + 0x98 (0x7f417f0ca5e8 in /groups/mm6677_gp/gbk2114/ethos-ares/.venv/lib/python3.12/site-packages/torch/lib/libc10.so)
frame #1: <unknown function> + 0x11b4abe (0x7f41803b7abe in /groups/mm6677_gp/gbk2114/ethos-ares/.venv/lib/python3.12/site-packages/torch/lib/libtorch_cuda.so)
frame #2: <unknown function> + 0xe07bed (0x7f418000abed in /groups/mm6677_gp/gbk2114/ethos-ares/.venv/lib/python3.12/site-packages/torch/lib/libtorch_cuda.so)
frame #3: <unknown function> + 0xe8743 (0x7f417036a743 in /opt/ohpc/pub/compiler/gcc/13.2.0/lib64/libstdc++.so.6)
frame #4: <unknown function> + 0x8b2ea (0x7f41d646d2ea in /lib64/libc.so.6)
frame #5: <unknown function> + 0x1103d0 (0x7f41d64f23d0 in /lib64/libc.so.6)

c0106:734344:734679 [0] NCCL INFO comm 0xfe73310 rank 2 nranks 8 cudaDev 0 busId 21000 - Abort COMPLETE
[rank2]:[E313 21:43:26.619484237 ProcessGroupNCCL.cpp:684] [Rank 2] Some NCCL operations have failed or timed out. Due to the asynchronous nature of CUDA kernels, subsequent GPU operations might run on corrupted/incomplete data.
[rank2]:[E313 21:43:26.619509277 ProcessGroupNCCL.cpp:698] [Rank 2] To avoid data inconsistency, we are taking the entire process down.
[rank2]:[E313 21:43:26.620489834 ProcessGroupNCCL.cpp:1899] [PG ID 0 PG GUID 0(default_pg) Rank 2] Process group watchdog thread terminated with exception: [Rank 2] Watchdog caught collective operation timeout: WorkNCCL(SeqNum=1, OpType=ALLGATHER, NumelIn=1, NumelOut=8, Timeout(ms)=600000) ran for 600097 milliseconds before timing out.
Exception raised from checkTimeout at /pytorch/torch/csrc/distributed/c10d/ProcessGroupNCCL.cpp:635 (most recent call first):
frame #0: c10::Error::Error(c10::SourceLocation, std::__cxx11::basic_string<char, std::char_traits<char>, std::allocator<char> >) + 0x98 (0x7fd99030d5e8 in /groups/mm6677_gp/gbk2114/ethos-ares/.venv/lib/python3.12/site-packages/torch/lib/libc10.so)
frame #1: c10d::ProcessGroupNCCL::WorkNCCL::checkTimeout(std::optional<std::chrono::duration<long, std::ratio<1l, 1000l> > >) + 0x23d (0x7fd991628a6d in /groups/mm6677_gp/gbk2114/ethos-ares/.venv/lib/python3.12/site-packages/torch/lib/libtorch_cuda.so)
frame #2: c10d::ProcessGroupNCCL::watchdogHandler() + 0xc80 (0x7fd99162a7f0 in /groups/mm6677_gp/gbk2114/ethos-ares/.venv/lib/python3.12/site-packages/torch/lib/libtorch_cuda.so)
frame #3: c10d::ProcessGroupNCCL::ncclCommWatchdog() + 0x14d (0x7fd99162befd in /groups/mm6677_gp/gbk2114/ethos-ares/.venv/lib/python3.12/site-packages/torch/lib/libtorch_cuda.so)
frame #4: <unknown function> + 0xe8743 (0x7fd9815ad743 in /opt/ohpc/pub/compiler/gcc/13.2.0/lib64/libstdc++.so.6)
frame #5: <unknown function> + 0x8b2ea (0x7fd9e77b02ea in /lib64/libc.so.6)
frame #6: <unknown function> + 0x1103d0 (0x7fd9e78353d0 in /lib64/libc.so.6)

terminate called after throwing an instance of 'c10::DistBackendError'
  what():  [PG ID 0 PG GUID 0(default_pg) Rank 2] Process group watchdog thread terminated with exception: [Rank 2] Watchdog caught collective operation timeout: WorkNCCL(SeqNum=1, OpType=ALLGATHER, NumelIn=1, NumelOut=8, Timeout(ms)=600000) ran for 600097 milliseconds before timing out.
Exception raised from checkTimeout at /pytorch/torch/csrc/distributed/c10d/ProcessGroupNCCL.cpp:635 (most recent call first):
frame #0: c10::Error::Error(c10::SourceLocation, std::__cxx11::basic_string<char, std::char_traits<char>, std::allocator<char> >) + 0x98 (0x7fd99030d5e8 in /groups/mm6677_gp/gbk2114/ethos-ares/.venv/lib/python3.12/site-packages/torch/lib/libc10.so)
frame #1: c10d::ProcessGroupNCCL::WorkNCCL::checkTimeout(std::optional<std::chrono::duration<long, std::ratio<1l, 1000l> > >) + 0x23d (0x7fd991628a6d in /groups/mm6677_gp/gbk2114/ethos-ares/.venv/lib/python3.12/site-packages/torch/lib/libtorch_cuda.so)
frame #2: c10d::ProcessGroupNCCL::watchdogHandler() + 0xc80 (0x7fd99162a7f0 in /groups/mm6677_gp/gbk2114/ethos-ares/.venv/lib/python3.12/site-packages/torch/lib/libtorch_cuda.so)
frame #3: c10d::ProcessGroupNCCL::ncclCommWatchdog() + 0x14d (0x7fd99162befd in /groups/mm6677_gp/gbk2114/ethos-ares/.venv/lib/python3.12/site-packages/torch/lib/libtorch_cuda.so)
frame #4: <unknown function> + 0xe8743 (0x7fd9815ad743 in /opt/ohpc/pub/compiler/gcc/13.2.0/lib64/libstdc++.so.6)
frame #5: <unknown function> + 0x8b2ea (0x7fd9e77b02ea in /lib64/libc.so.6)
frame #6: <unknown function> + 0x1103d0 (0x7fd9e78353d0 in /lib64/libc.so.6)

Exception raised from ncclCommWatchdog at /pytorch/torch/csrc/distributed/c10d/ProcessGroupNCCL.cpp:1905 (most recent call first):
frame #0: c10::Error::Error(c10::SourceLocation, std::__cxx11::basic_string<char, std::char_traits<char>, std::allocator<char> >) + 0x98 (0x7fd99030d5e8 in /groups/mm6677_gp/gbk2114/ethos-ares/.venv/lib/python3.12/site-packages/torch/lib/libc10.so)
frame #1: <unknown function> + 0x11b4abe (0x7fd9915faabe in /groups/mm6677_gp/gbk2114/ethos-ares/.venv/lib/python3.12/site-packages/torch/lib/libtorch_cuda.so)
frame #2: <unknown function> + 0xe07bed (0x7fd99124dbed in /groups/mm6677_gp/gbk2114/ethos-ares/.venv/lib/python3.12/site-packages/torch/lib/libtorch_cuda.so)
frame #3: <unknown function> + 0xe8743 (0x7fd9815ad743 in /opt/ohpc/pub/compiler/gcc/13.2.0/lib64/libstdc++.so.6)
frame #4: <unknown function> + 0x8b2ea (0x7fd9e77b02ea in /lib64/libc.so.6)
frame #5: <unknown function> + 0x1103d0 (0x7fd9e78353d0 in /lib64/libc.so.6)

W0313 21:43:26.151000 4176067 torch/distributed/elastic/multiprocessing/api.py:900] Sending process 4176072 closing signal SIGTERM
c0201:3704022:3704352 [1] NCCL INFO misc/socket.cc:64 -> 3
c0201:3704022:3704352 [1] NCCL INFO misc/socket.cc:80 -> 3
c0201:3704022:3704352 [1] NCCL INFO misc/socket.cc:829 -> 3
c0201:3704022:3704075 [1] NCCL INFO misc/socket.cc:881 -> 3
c0201:3704022:3704352 [1] NCCL INFO misc/socket.cc:64 -> 3
c0201:3704022:3704352 [1] NCCL INFO misc/socket.cc:80 -> 3
c0201:3704022:3704352 [1] NCCL INFO misc/socket.cc:829 -> 3
c0201:3704022:3704352 [1] NCCL INFO comm 0xf36a480 rank 7 nranks 8 cudaDev 1 busId e1000 - Abort COMPLETE
[rank7]:[E313 21:43:26.436512352 ProcessGroupNCCL.cpp:684] [Rank 7] Some NCCL operations have failed or timed out. Due to the asynchronous nature of CUDA kernels, subsequent GPU operations might run on corrupted/incomplete data.
[rank7]:[E313 21:43:26.436532982 ProcessGroupNCCL.cpp:698] [Rank 7] To avoid data inconsistency, we are taking the entire process down.
[rank7]:[E313 21:43:26.437486860 ProcessGroupNCCL.cpp:1899] [PG ID 0 PG GUID 0(default_pg) Rank 7] Process group watchdog thread terminated with exception: [Rank 7] Watchdog caught collective operation timeout: WorkNCCL(SeqNum=1, OpType=ALLGATHER, NumelIn=1, NumelOut=8, Timeout(ms)=600000) ran for 600031 milliseconds before timing out.
Exception raised from checkTimeout at /pytorch/torch/csrc/distributed/c10d/ProcessGroupNCCL.cpp:635 (most recent call first):
frame #0: c10::Error::Error(c10::SourceLocation, std::__cxx11::basic_string<char, std::char_traits<char>, std::allocator<char> >) + 0x98 (0x7f14d0e5e5e8 in /groups/mm6677_gp/gbk2114/ethos-ares/.venv/lib/python3.12/site-packages/torch/lib/libc10.so)
frame #1: c10d::ProcessGroupNCCL::WorkNCCL::checkTimeout(std::optional<std::chrono::duration<long, std::ratio<1l, 1000l> > >) + 0x23d (0x7f14d2179a6d in /groups/mm6677_gp/gbk2114/ethos-ares/.venv/lib/python3.12/site-packages/torch/lib/libtorch_cuda.so)
frame #2: c10d::ProcessGroupNCCL::watchdogHandler() + 0xc80 (0x7f14d217b7f0 in /groups/mm6677_gp/gbk2114/ethos-ares/.venv/lib/python3.12/site-packages/torch/lib/libtorch_cuda.so)
frame #3: c10d::ProcessGroupNCCL::ncclCommWatchdog() + 0x14d (0x7f14d217cefd in /groups/mm6677_gp/gbk2114/ethos-ares/.venv/lib/python3.12/site-packages/torch/lib/libtorch_cuda.so)
frame #4: <unknown function> + 0xe8743 (0x7f14c20fe743 in /opt/ohpc/pub/compiler/gcc/13.2.0/lib64/libstdc++.so.6)
frame #5: <unknown function> + 0x8b2ea (0x7f15282012ea in /lib64/libc.so.6)
frame #6: <unknown function> + 0x1103d0 (0x7f15282863d0 in /lib64/libc.so.6)

terminate called after throwing an instance of 'c10::DistBackendError'
  what():  [PG ID 0 PG GUID 0(default_pg) Rank 7] Process group watchdog thread terminated with exception: [Rank 7] Watchdog caught collective operation timeout: WorkNCCL(SeqNum=1, OpType=ALLGATHER, NumelIn=1, NumelOut=8, Timeout(ms)=600000) ran for 600031 milliseconds before timing out.
Exception raised from checkTimeout at /pytorch/torch/csrc/distributed/c10d/ProcessGroupNCCL.cpp:635 (most recent call first):
frame #0: c10::Error::Error(c10::SourceLocation, std::__cxx11::basic_string<char, std::char_traits<char>, std::allocator<char> >) + 0x98 (0x7f14d0e5e5e8 in /groups/mm6677_gp/gbk2114/ethos-ares/.venv/lib/python3.12/site-packages/torch/lib/libc10.so)
frame #1: c10d::ProcessGroupNCCL::WorkNCCL::checkTimeout(std::optional<std::chrono::duration<long, std::ratio<1l, 1000l> > >) + 0x23d (0x7f14d2179a6d in /groups/mm6677_gp/gbk2114/ethos-ares/.venv/lib/python3.12/site-packages/torch/lib/libtorch_cuda.so)
frame #2: c10d::ProcessGroupNCCL::watchdogHandler() + 0xc80 (0x7f14d217b7f0 in /groups/mm6677_gp/gbk2114/ethos-ares/.venv/lib/python3.12/site-packages/torch/lib/libtorch_cuda.so)
frame #3: c10d::ProcessGroupNCCL::ncclCommWatchdog() + 0x14d (0x7f14d217cefd in /groups/mm6677_gp/gbk2114/ethos-ares/.venv/lib/python3.12/site-packages/torch/lib/libtorch_cuda.so)
frame #4: <unknown function> + 0xe8743 (0x7f14c20fe743 in /opt/ohpc/pub/compiler/gcc/13.2.0/lib64/libstdc++.so.6)
frame #5: <unknown function> + 0x8b2ea (0x7f15282012ea in /lib64/libc.so.6)
frame #6: <unknown function> + 0x1103d0 (0x7f15282863d0 in /lib64/libc.so.6)

Exception raised from ncclCommWatchdog at /pytorch/torch/csrc/distributed/c10d/ProcessGroupNCCL.cpp:1905 (most recent call first):
frame #0: c10::Error::Error(c10::SourceLocation, std::__cxx11::basic_string<char, std::char_traits<char>, std::allocator<char> >) + 0x98 (0x7f14d0e5e5e8 in /groups/mm6677_gp/gbk2114/ethos-ares/.venv/lib/python3.12/site-packages/torch/lib/libc10.so)
frame #1: <unknown function> + 0x11b4abe (0x7f14d214babe in /groups/mm6677_gp/gbk2114/ethos-ares/.venv/lib/python3.12/site-packages/torch/lib/libtorch_cuda.so)
frame #2: <unknown function> + 0xe07bed (0x7f14d1d9ebed in /groups/mm6677_gp/gbk2114/ethos-ares/.venv/lib/python3.12/site-packages/torch/lib/libtorch_cuda.so)
frame #3: <unknown function> + 0xe8743 (0x7f14c20fe743 in /opt/ohpc/pub/compiler/gcc/13.2.0/lib64/libstdc++.so.6)
frame #4: <unknown function> + 0x8b2ea (0x7f15282012ea in /lib64/libc.so.6)
frame #5: <unknown function> + 0x1103d0 (0x7f15282863d0 in /lib64/libc.so.6)

W0313 21:43:26.161000 3704017 torch/distributed/elastic/multiprocessing/api.py:900] Sending process 3704022 closing signal SIGTERM
W0313 21:43:26.181000 3817138 torch/distributed/elastic/multiprocessing/api.py:900] Sending process 3817142 closing signal SIGTERM
W0313 21:43:26.195000 734340 torch/distributed/elastic/multiprocessing/api.py:900] Sending process 734344 closing signal SIGTERM
E0313 21:43:26.216000 4176067 torch/distributed/elastic/multiprocessing/api.py:874] failed (exitcode: -6) local_rank: 1 (pid: 4176073) of binary: ethos_train
Traceback (most recent call last):
  File "/groups/mm6677_gp/gbk2114/ethos-ares/.venv/bin/torchrun", line 10, in <module>
    sys.exit(main())
             ^^^^^^
  File "/groups/mm6677_gp/gbk2114/ethos-ares/.venv/lib/python3.12/site-packages/torch/distributed/elastic/multiprocessing/errors/__init__.py", line 355, in wrapper
    return f(*args, **kwargs)
           ^^^^^^^^^^^^^^^^^^
  File "/groups/mm6677_gp/gbk2114/ethos-ares/.venv/lib/python3.12/site-packages/torch/distributed/run.py", line 892, in main
    run(args)
  File "/groups/mm6677_gp/gbk2114/ethos-ares/.venv/lib/python3.12/site-packages/torch/distributed/run.py", line 883, in run
    elastic_launch(
  File "/groups/mm6677_gp/gbk2114/ethos-ares/.venv/lib/python3.12/site-packages/torch/distributed/launcher/api.py", line 139, in __call__
    return launch_agent(self._config, self._entrypoint, list(args))
           ^^^^^^^^^^^^^^^^^^^^^^^^^^^^^^^^^^^^^^^^^^^^^^^^^^^^^^^^
  File "/groups/mm6677_gp/gbk2114/ethos-ares/.venv/lib/python3.12/site-packages/torch/distributed/launcher/api.py", line 270, in launch_agent
    raise ChildFailedError(
torch.distributed.elastic.multiprocessing.errors.ChildFailedError: 
========================================================
ethos_train FAILED
--------------------------------------------------------
Failures:
  <NO_OTHER_FAILURES>
--------------------------------------------------------
Root Cause (first observed failure):
[0]:
  time      : 2026-03-13_21:43:26
  host      : c0105
  rank      : 1 (local_rank: 1)
  exitcode  : -6 (pid: 4176073)
  error_file: <N/A>
  traceback : Signal 6 (SIGABRT) received by PID 4176073
========================================================
E0313 21:43:26.446000 3817138 torch/distributed/elastic/multiprocessing/api.py:874] failed (exitcode: -6) local_rank: 1 (pid: 3817143) of binary: ethos_train
Traceback (most recent call last):
  File "/groups/mm6677_gp/gbk2114/ethos-ares/.venv/bin/torchrun", line 10, in <module>
    sys.exit(main())
             ^^^^^^
  File "/groups/mm6677_gp/gbk2114/ethos-ares/.venv/lib/python3.12/site-packages/torch/distributed/elastic/multiprocessing/errors/__init__.py", line 355, in wrapper
    return f(*args, **kwargs)
           ^^^^^^^^^^^^^^^^^^
  File "/groups/mm6677_gp/gbk2114/ethos-ares/.venv/lib/python3.12/site-packages/torch/distributed/run.py", line 892, in main
    run(args)
  File "/groups/mm6677_gp/gbk2114/ethos-ares/.venv/lib/python3.12/site-packages/torch/distributed/run.py", line 883, in run
    elastic_launch(
  File "/groups/mm6677_gp/gbk2114/ethos-ares/.venv/lib/python3.12/site-packages/torch/distributed/launcher/api.py", line 139, in __call__
    return launch_agent(self._config, self._entrypoint, list(args))
           ^^^^^^^^^^^^^^^^^^^^^^^^^^^^^^^^^^^^^^^^^^^^^^^^^^^^^^^^
  File "/groups/mm6677_gp/gbk2114/ethos-ares/.venv/lib/python3.12/site-packages/torch/distributed/launcher/api.py", line 270, in launch_agent
    raise ChildFailedError(
torch.distributed.elastic.multiprocessing.errors.ChildFailedError: 
========================================================
ethos_train FAILED
--------------------------------------------------------
Failures:
  <NO_OTHER_FAILURES>
--------------------------------------------------------
Root Cause (first observed failure):
[0]:
  time      : 2026-03-13_21:43:26
  host      : c0107
  rank      : 5 (local_rank: 1)
  exitcode  : -6 (pid: 3817143)
  error_file: <N/A>
  traceback : Signal 6 (SIGABRT) received by PID 3817143
========================================================
E0313 21:43:26.460000 734340 torch/distributed/elastic/multiprocessing/api.py:874] failed (exitcode: -6) local_rank: 1 (pid: 734345) of binary: ethos_train
Traceback (most recent call last):
  File "/groups/mm6677_gp/gbk2114/ethos-ares/.venv/bin/torchrun", line 10, in <module>
    sys.exit(main())
             ^^^^^^
  File "/groups/mm6677_gp/gbk2114/ethos-ares/.venv/lib/python3.12/site-packages/torch/distributed/elastic/multiprocessing/errors/__init__.py", line 355, in wrapper
    return f(*args, **kwargs)
           ^^^^^^^^^^^^^^^^^^
  File "/groups/mm6677_gp/gbk2114/ethos-ares/.venv/lib/python3.12/site-packages/torch/distributed/run.py", line 892, in main
    run(args)
  File "/groups/mm6677_gp/gbk2114/ethos-ares/.venv/lib/python3.12/site-packages/torch/distributed/run.py", line 883, in run
    elastic_launch(
  File "/groups/mm6677_gp/gbk2114/ethos-ares/.venv/lib/python3.12/site-packages/torch/distributed/launcher/api.py", line 139, in __call__
    return launch_agent(self._config, self._entrypoint, list(args))
           ^^^^^^^^^^^^^^^^^^^^^^^^^^^^^^^^^^^^^^^^^^^^^^^^^^^^^^^^
  File "/groups/mm6677_gp/gbk2114/ethos-ares/.venv/lib/python3.12/site-packages/torch/distributed/launcher/api.py", line 270, in launch_agent
    raise ChildFailedError(
torch.distributed.elastic.multiprocessing.errors.ChildFailedError: 
=======================================================
ethos_train FAILED
-------------------------------------------------------
Failures:
  <NO_OTHER_FAILURES>
-------------------------------------------------------
Root Cause (first observed failure):
[0]:
  time      : 2026-03-13_21:43:26
  host      : c0106
  rank      : 3 (local_rank: 1)
  exitcode  : -6 (pid: 734345)
  error_file: <N/A>
  traceback : Signal 6 (SIGABRT) received by PID 734345
=======================================================
E0313 21:43:26.477000 3704017 torch/distributed/elastic/multiprocessing/api.py:874] failed (exitcode: -6) local_rank: 0 (pid: 3704021) of binary: ethos_train
Traceback (most recent call last):
  File "/groups/mm6677_gp/gbk2114/ethos-ares/.venv/bin/torchrun", line 10, in <module>
    sys.exit(main())
             ^^^^^^
  File "/groups/mm6677_gp/gbk2114/ethos-ares/.venv/lib/python3.12/site-packages/torch/distributed/elastic/multiprocessing/errors/__init__.py", line 355, in wrapper
    return f(*args, **kwargs)
           ^^^^^^^^^^^^^^^^^^
  File "/groups/mm6677_gp/gbk2114/ethos-ares/.venv/lib/python3.12/site-packages/torch/distributed/run.py", line 892, in main
    run(args)
  File "/groups/mm6677_gp/gbk2114/ethos-ares/.venv/lib/python3.12/site-packages/torch/distributed/run.py", line 883, in run
    elastic_launch(
  File "/groups/mm6677_gp/gbk2114/ethos-ares/.venv/lib/python3.12/site-packages/torch/distributed/launcher/api.py", line 139, in __call__
    return launch_agent(self._config, self._entrypoint, list(args))
           ^^^^^^^^^^^^^^^^^^^^^^^^^^^^^^^^^^^^^^^^^^^^^^^^^^^^^^^^
  File "/groups/mm6677_gp/gbk2114/ethos-ares/.venv/lib/python3.12/site-packages/torch/distributed/launcher/api.py", line 270, in launch_agent
    raise ChildFailedError(
torch.distributed.elastic.multiprocessing.errors.ChildFailedError: 
========================================================
ethos_train FAILED
--------------------------------------------------------
Failures:
  <NO_OTHER_FAILURES>
--------------------------------------------------------
Root Cause (first observed failure):
[0]:
  time      : 2026-03-13_21:43:26
  host      : c0201
  rank      : 6 (local_rank: 0)
  exitcode  : -6 (pid: 3704021)
  error_file: <N/A>
  traceback : Signal 6 (SIGABRT) received by PID 3704021
========================================================
srun: error: c0105: task 0: Exited with exit code 1
srun: error: c0106: task 1: Exited with exit code 1
srun: error: c0201: task 3: Exited with exit code 1
srun: error: c0107: task 2: Exited with exit code 1
